id,nivelRuido,comuna
35551,60,comuna 14
39568,18,comuna 5
11138,81,comuna 8
38879,68,comuna 10
25523,60,comuna 14
3863,71,comuna 12
11712,66,comuna 6
20400,25,comuna 12
5152,75,comuna 10
40581,47,comuna 6
8728,18,comuna 3
13582,46,comuna 15
3374,88,comuna 16
7733,80,comuna 13
20493,21,comuna 16
13710,26,comuna 13
29574,33,comuna 5
33839,29,comuna 2
29736,58,comuna 1
24270,12,comuna 14
24518,34,comuna 8
24352,78,comuna 8
6568,75,comuna 6
44216,71,comuna 6
4472,52,comuna 1
20723,72,comuna 7
39142,12,comuna 6
13560,52,comuna 3
40850,26,comuna 15
43268,51,comuna 3
11417,22,comuna 1
26659,63,comuna 5
13124,78,comuna 15
41528,24,comuna 11
44991,46,comuna 9
41554,87,comuna 7
4773,10,comuna 7
16753,66,comuna 2
19810,80,comuna 15
19086,71,comuna 11
779,44,comuna 4
38057,87,comuna 16
14371,69,comuna 2
21479,70,comuna 7
40909,10,comuna 10
10365,35,comuna 2
26703,27,comuna 9
10552,56,comuna 10
47548,66,comuna 16
29043,27,comuna 10
48963,29,comuna 4
15708,75,comuna 7
36010,61,comuna 15
46498,29,comuna 15
11539,43,comuna 9
43781,22,comuna 15
24861,75,comuna 12
44936,13,comuna 10
13151,80,comuna 12
1870,81,comuna 5
11172,53,comuna 15
21721,13,comuna 6
49477,40,comuna 6
32857,50,comuna 5
49011,70,comuna 9
9116,68,comuna 12
18120,85,comuna 13
33403,48,comuna 15
44008,81,comuna 8
30677,13,comuna 2
31151,90,comuna 4
34074,25,comuna 1
21498,34,comuna 14
21477,17,comuna 14
27998,34,comuna 2
4088,48,comuna 14
3584,48,comuna 1
11772,17,comuna 11
27341,37,comuna 11
3640,70,comuna 13
49334,40,comuna 9
1211,65,comuna 16
8737,67,comuna 7
12102,69,comuna 3
24242,82,comuna 14
33516,55,comuna 5
20232,45,comuna 11
16701,68,comuna 15
10700,32,comuna 15
48876,30,comuna 2
48239,42,comuna 4
10684,44,comuna 16
44209,46,comuna 15
15818,30,comuna 1
34729,28,comuna 16
44446,40,comuna 5
27876,68,comuna 15
29301,66,comuna 15
81,65,comuna 11
17125,48,comuna 1
30842,83,comuna 10
11674,39,comuna 4
27545,32,comuna 10
35458,67,comuna 13
20605,90,comuna 4
4948,16,comuna 6
2834,58,comuna 13
9070,29,comuna 10
11370,39,comuna 13
23534,52,comuna 3
41325,68,comuna 8
19753,32,comuna 5
39493,79,comuna 13
4870,66,comuna 15
2525,36,comuna 3
20786,46,comuna 2
17008,61,comuna 10
49658,18,comuna 12
40009,37,comuna 8
28909,15,comuna 5
12721,16,comuna 13
45560,81,comuna 6
30809,75,comuna 9
30032,59,comuna 1
35350,74,comuna 11
20461,25,comuna 12
40698,10,comuna 12
43316,65,comuna 5
6917,90,comuna 13
1984,43,comuna 4
28223,56,comuna 11
49973,22,comuna 7
40092,20,comuna 8
26675,88,comuna 2
917,40,comuna 16
27131,22,comuna 7
307,51,comuna 9
40239,41,comuna 8
42813,16,comuna 4
43806,13,comuna 14
15145,82,comuna 14
37908,55,comuna 8
15570,89,comuna 7
45469,40,comuna 9
7052,30,comuna 14
45999,66,comuna 13
6444,87,comuna 15
9322,83,comuna 7
48371,27,comuna 5
38004,86,comuna 13
45657,61,comuna 11
14190,69,comuna 4
29373,52,comuna 2
37641,87,comuna 5
13750,44,comuna 11
15195,50,comuna 7
28701,21,comuna 1
40400,33,comuna 13
36061,15,comuna 2
3226,24,comuna 15
1523,71,comuna 1
19233,50,comuna 16
17203,26,comuna 8
40578,74,comuna 11
4074,67,comuna 4
41276,65,comuna 3
28947,17,comuna 5
20215,68,comuna 15
41236,82,comuna 8
8466,72,comuna 12
20608,18,comuna 12
39351,61,comuna 1
505,83,comuna 11
49721,85,comuna 9
12064,73,comuna 6
35096,36,comuna 14
37079,53,comuna 1
36292,16,comuna 1
47899,19,comuna 6
24251,24,comuna 11
4,44,comuna 2
6442,64,comuna 15
14095,87,comuna 12
17737,73,comuna 5
31266,20,comuna 8
10245,79,comuna 2
18974,22,comuna 12
40132,68,comuna 5
4880,58,comuna 8
19245,38,comuna 4
19530,45,comuna 6
8075,22,comuna 15
46394,73,comuna 5
21168,23,comuna 7
4908,48,comuna 10
46501,60,comuna 2
43566,88,comuna 14
8035,50,comuna 9
41169,23,comuna 3
34047,62,comuna 10
49219,28,comuna 14
36462,79,comuna 8
41784,67,comuna 10
34970,31,comuna 11
21977,51,comuna 13
44416,28,comuna 12
6728,84,comuna 15
25163,80,comuna 5
18973,58,comuna 8
21911,67,comuna 11
26976,46,comuna 2
10149,82,comuna 5
24224,81,comuna 14
35943,74,comuna 11
32217,11,comuna 1
7058,26,comuna 5
2867,46,comuna 3
44404,76,comuna 5
31431,73,comuna 16
46828,70,comuna 12
18886,48,comuna 3
17446,76,comuna 10
39071,39,comuna 16
48105,40,comuna 13
27890,38,comuna 8
11485,19,comuna 12
32848,65,comuna 4
30959,46,comuna 6
4062,54,comuna 9
19186,22,comuna 14
28139,58,comuna 7
358,44,comuna 3
38070,72,comuna 7
19410,11,comuna 2
14326,18,comuna 14
46434,35,comuna 8
9057,70,comuna 3
46565,31,comuna 12
45821,28,comuna 10
39665,54,comuna 12
26485,60,comuna 5
39226,60,comuna 4
6770,18,comuna 12
33659,23,comuna 15
16626,59,comuna 15
35482,33,comuna 3
12297,89,comuna 13
16141,85,comuna 14
17134,25,comuna 8
16781,80,comuna 3
6956,73,comuna 2
38993,18,comuna 1
28401,28,comuna 16
46276,53,comuna 1
19577,23,comuna 10
38246,28,comuna 5
23613,69,comuna 4
32516,26,comuna 16
9340,57,comuna 14
41042,27,comuna 3
22898,69,comuna 8
18648,21,comuna 16
6212,51,comuna 6
34740,90,comuna 8
41166,75,comuna 4
1474,23,comuna 12
21726,39,comuna 11
35648,84,comuna 12
46598,71,comuna 5
28173,42,comuna 8
41945,16,comuna 11
11152,23,comuna 11
16855,42,comuna 3
21614,67,comuna 10
18031,14,comuna 4
48303,15,comuna 4
12155,88,comuna 10
8513,48,comuna 4
48745,18,comuna 3
20081,30,comuna 8
29715,40,comuna 15
19380,82,comuna 8
15687,41,comuna 9
5604,80,comuna 12
16258,74,comuna 6
22015,24,comuna 9
27349,87,comuna 11
23425,79,comuna 16
32088,31,comuna 9
7645,39,comuna 11
22767,22,comuna 12
43922,22,comuna 5
7191,39,comuna 12
19134,53,comuna 4
27850,44,comuna 11
18837,86,comuna 1
45689,13,comuna 16
39975,15,comuna 9
6223,21,comuna 15
29289,79,comuna 6
21581,77,comuna 13
17980,33,comuna 16
48763,32,comuna 15
3127,44,comuna 7
41732,45,comuna 5
431,25,comuna 11
33754,83,comuna 9
46318,19,comuna 15
27863,14,comuna 16
19983,13,comuna 4
30179,11,comuna 5
12597,14,comuna 3
22067,78,comuna 15
30044,12,comuna 5
29475,15,comuna 9
43322,14,comuna 14
35363,28,comuna 9
29166,26,comuna 13
39587,32,comuna 1
39432,63,comuna 7
43543,56,comuna 10
27902,39,comuna 1
21901,64,comuna 10
35447,35,comuna 9
37510,15,comuna 9
43387,81,comuna 5
17805,81,comuna 3
37760,28,comuna 12
12297,24,comuna 5
39967,90,comuna 11
26312,73,comuna 7
15223,32,comuna 5
12698,11,comuna 5
6098,17,comuna 15
40897,25,comuna 10
24458,16,comuna 11
3246,16,comuna 7
29990,85,comuna 7
40279,30,comuna 15
25758,55,comuna 11
45819,68,comuna 13
38340,32,comuna 15
1501,76,comuna 5
13640,76,comuna 7
45151,11,comuna 4
21361,62,comuna 10
31529,20,comuna 11
43855,52,comuna 10
49410,21,comuna 2
19512,11,comuna 6
38152,77,comuna 6
12242,24,comuna 11
40328,36,comuna 14
40072,20,comuna 16
10157,26,comuna 5
43484,12,comuna 6
42175,45,comuna 3
30489,47,comuna 1
24137,83,comuna 8
43130,55,comuna 6
3943,70,comuna 5
14896,38,comuna 12
6242,32,comuna 11
21717,55,comuna 12
45331,24,comuna 1
4566,75,comuna 2
20355,81,comuna 2
38095,13,comuna 8
10952,12,comuna 13
2742,17,comuna 8
28618,90,comuna 15
20813,81,comuna 14
3968,71,comuna 4
41678,37,comuna 3
44735,89,comuna 16
16498,82,comuna 4
19359,70,comuna 7
42886,26,comuna 9
33888,17,comuna 4
20290,56,comuna 9
27184,66,comuna 7
31718,75,comuna 3
14661,50,comuna 12
38349,74,comuna 10
22712,68,comuna 6
32465,35,comuna 10
25445,66,comuna 2
39403,73,comuna 13
18644,48,comuna 2
8373,77,comuna 10
2476,12,comuna 16
44223,83,comuna 8
5547,79,comuna 12
862,73,comuna 13
28635,65,comuna 1
43169,46,comuna 14
30126,70,comuna 13
16143,33,comuna 1
13569,17,comuna 14
21314,57,comuna 13
8335,19,comuna 4
19958,54,comuna 15
40657,24,comuna 15
42045,19,comuna 16
1878,17,comuna 12
13530,19,comuna 4
6650,72,comuna 1
312,33,comuna 16
34394,75,comuna 16
5431,65,comuna 13
31573,23,comuna 14
2702,39,comuna 14
25671,30,comuna 5
18364,14,comuna 13
8757,42,comuna 11
9223,64,comuna 7
21882,56,comuna 10
29389,12,comuna 5
30313,68,comuna 8
17004,81,comuna 5
7843,15,comuna 3
46200,21,comuna 11
33645,48,comuna 7
14821,82,comuna 2
18091,52,comuna 2
11509,55,comuna 9
41436,50,comuna 6
39933,32,comuna 10
42996,35,comuna 14
32254,90,comuna 6
29005,42,comuna 2
12352,41,comuna 1
8003,32,comuna 5
39973,36,comuna 6
2262,56,comuna 8
7255,80,comuna 6
39947,65,comuna 15
10367,53,comuna 11
13623,77,comuna 7
41333,23,comuna 12
1148,75,comuna 8
1053,47,comuna 1
36141,58,comuna 14
28354,25,comuna 10
4975,68,comuna 4
41835,82,comuna 9
4661,57,comuna 7
18210,84,comuna 2
30414,46,comuna 12
46359,76,comuna 11
29665,81,comuna 4
36367,60,comuna 7
26121,18,comuna 6
9357,17,comuna 7
141,54,comuna 16
46602,35,comuna 7
31159,46,comuna 14
26577,26,comuna 7
40425,82,comuna 7
49160,50,comuna 3
5124,78,comuna 9
13229,71,comuna 13
47616,32,comuna 1
44734,32,comuna 15
39887,74,comuna 14
13698,65,comuna 4
27675,70,comuna 4
7207,76,comuna 8
3766,23,comuna 10
17095,55,comuna 5
1982,36,comuna 16
7066,41,comuna 10
12435,55,comuna 15
29929,19,comuna 3
49607,68,comuna 7
27645,66,comuna 12
32702,22,comuna 13
5880,15,comuna 5
29392,75,comuna 4
48153,70,comuna 6
48787,13,comuna 4
22945,77,comuna 16
478,53,comuna 1
7717,60,comuna 5
19866,13,comuna 7
3358,20,comuna 5
41097,31,comuna 4
16447,39,comuna 4
48814,17,comuna 4
16080,17,comuna 12
11819,14,comuna 10
4689,41,comuna 7
43531,77,comuna 4
14108,86,comuna 12
24823,14,comuna 2
47801,15,comuna 14
47521,63,comuna 4
48757,69,comuna 9
43529,63,comuna 1
44352,39,comuna 4
27727,14,comuna 11
36031,16,comuna 5
47189,62,comuna 4
435,68,comuna 1
19528,88,comuna 6
3067,78,comuna 5
38998,58,comuna 10
42925,49,comuna 7
1835,87,comuna 6
18094,28,comuna 10
35223,26,comuna 3
36868,32,comuna 5
19868,66,comuna 5
31945,20,comuna 6
43369,59,comuna 2
46900,88,comuna 7
48486,45,comuna 12
22521,13,comuna 14
44758,57,comuna 6
14497,18,comuna 5
28258,18,comuna 2
30501,67,comuna 12
5229,45,comuna 8
48754,35,comuna 1
1823,43,comuna 13
21961,61,comuna 6
31741,29,comuna 6
49504,53,comuna 15
32457,11,comuna 4
45683,22,comuna 8
21614,70,comuna 11
39981,82,comuna 12
44343,63,comuna 8
5139,36,comuna 6
20279,32,comuna 13
38951,72,comuna 1
41394,81,comuna 7
28979,58,comuna 7
9001,30,comuna 11
1286,35,comuna 5
31958,63,comuna 15
46787,28,comuna 4
23268,29,comuna 3
23051,43,comuna 2
19372,15,comuna 8
44687,78,comuna 14
7391,72,comuna 2
15907,80,comuna 2
49967,60,comuna 11
43457,44,comuna 13
16023,71,comuna 3
25794,79,comuna 4
34010,26,comuna 1
32276,85,comuna 6
40880,88,comuna 2
11073,34,comuna 7
15320,23,comuna 8
22886,71,comuna 3
21114,60,comuna 2
17735,67,comuna 1
34521,13,comuna 4
25960,31,comuna 12
45355,82,comuna 3
7500,77,comuna 1
47219,67,comuna 11
2621,77,comuna 2
36947,17,comuna 3
11415,61,comuna 8
3434,64,comuna 9
22196,10,comuna 13
42833,60,comuna 10
24200,31,comuna 6
20952,11,comuna 10
9108,53,comuna 2
12653,60,comuna 9
9063,68,comuna 12
5929,21,comuna 5
39243,78,comuna 16
45552,38,comuna 13
20678,77,comuna 16
41873,47,comuna 6
23444,88,comuna 15
22027,39,comuna 14
17616,76,comuna 14
47465,53,comuna 7
1895,82,comuna 1
37437,70,comuna 12
19869,27,comuna 16
1751,88,comuna 6
41462,25,comuna 11
48749,59,comuna 12
45462,32,comuna 12
6808,67,comuna 12
44746,38,comuna 3
12357,87,comuna 4
23170,37,comuna 15
22531,54,comuna 8
45879,65,comuna 16
37996,72,comuna 1
26115,61,comuna 2
22817,81,comuna 13
44326,80,comuna 14
3742,66,comuna 4
46591,81,comuna 6
41013,44,comuna 7
23569,42,comuna 16
23727,15,comuna 14
23877,73,comuna 2
30059,69,comuna 16
40227,19,comuna 12
47802,52,comuna 1
4582,35,comuna 2
42809,76,comuna 7
2358,35,comuna 9
44357,36,comuna 2
923,14,comuna 9
44234,57,comuna 13
10123,60,comuna 11
3168,14,comuna 3
19506,34,comuna 5
30926,18,comuna 16
961,74,comuna 4
31467,57,comuna 9
27833,82,comuna 4
14086,73,comuna 8
14201,49,comuna 8
15698,87,comuna 1
43673,75,comuna 7
8390,68,comuna 7
35818,22,comuna 6
40349,72,comuna 8
29664,28,comuna 2
49437,45,comuna 6
27306,33,comuna 12
15210,62,comuna 16
8079,75,comuna 15
33402,13,comuna 5
8532,32,comuna 1
29799,72,comuna 13
47849,16,comuna 2
14874,33,comuna 1
44226,57,comuna 15
29632,39,comuna 4
46543,35,comuna 4
12696,51,comuna 8
36287,35,comuna 5
25549,60,comuna 14
4239,47,comuna 14
44684,24,comuna 6
20901,44,comuna 5
8112,70,comuna 15
34001,63,comuna 6
36433,33,comuna 14
10352,29,comuna 16
9236,60,comuna 6
10298,66,comuna 2
29501,46,comuna 16
38813,54,comuna 8
2632,75,comuna 2
36366,59,comuna 10
12909,30,comuna 14
2975,60,comuna 4
4079,89,comuna 7
31616,18,comuna 16
14988,28,comuna 7
5900,39,comuna 4
10016,70,comuna 2
13351,76,comuna 2
3725,19,comuna 7
19554,11,comuna 3
40199,79,comuna 11
29561,12,comuna 16
11737,44,comuna 10
3679,78,comuna 15
27971,15,comuna 8
11852,22,comuna 16
13863,66,comuna 8
46794,60,comuna 3
47400,81,comuna 2
14786,56,comuna 16
3289,71,comuna 14
38884,19,comuna 11
41846,51,comuna 10
10008,49,comuna 14
14121,33,comuna 15
15071,89,comuna 3
12344,21,comuna 7
2217,33,comuna 7
45961,29,comuna 8
11839,83,comuna 10
26328,45,comuna 11
3996,90,comuna 16
27339,45,comuna 2
48954,79,comuna 16
21103,21,comuna 8
25297,13,comuna 4
40651,82,comuna 15
17343,86,comuna 8
6186,65,comuna 8
47703,86,comuna 2
33478,63,comuna 4
40673,27,comuna 13
1790,46,comuna 6
39338,65,comuna 5
17808,23,comuna 13
22967,62,comuna 15
11500,70,comuna 2
45163,35,comuna 8
4994,51,comuna 7
13714,17,comuna 3
47556,42,comuna 3
31355,26,comuna 6
3375,18,comuna 12
32185,41,comuna 2
41089,41,comuna 7
45526,44,comuna 8
18972,79,comuna 9
37874,39,comuna 15
10889,11,comuna 10
22245,36,comuna 7
6022,40,comuna 9
43540,43,comuna 11
25589,71,comuna 2
37776,40,comuna 2
46596,89,comuna 16
22704,63,comuna 4
45276,22,comuna 5
14373,28,comuna 12
44409,30,comuna 15
40915,29,comuna 3
741,32,comuna 4
48402,53,comuna 11
33305,87,comuna 3
6166,84,comuna 7
21133,82,comuna 5
21401,85,comuna 13
30481,38,comuna 10
37196,41,comuna 5
42996,58,comuna 3
44201,19,comuna 5
29192,73,comuna 15
45764,75,comuna 3
8314,57,comuna 11
41956,22,comuna 14
39333,65,comuna 12
47446,65,comuna 13
12242,58,comuna 2
46875,59,comuna 5
38517,76,comuna 2
32776,69,comuna 12
19987,39,comuna 2
14040,48,comuna 15
18995,63,comuna 12
18720,50,comuna 4
39214,32,comuna 7
37237,68,comuna 5
38543,75,comuna 4
11403,70,comuna 5
46776,11,comuna 7
14464,20,comuna 9
49872,31,comuna 6
21039,17,comuna 4
13001,16,comuna 3
39836,29,comuna 14
1614,58,comuna 3
45512,14,comuna 6
36706,63,comuna 7
18950,39,comuna 9
20741,54,comuna 11
14497,62,comuna 1
10754,88,comuna 11
28853,16,comuna 9
30925,12,comuna 7
861,10,comuna 11
7270,29,comuna 16
9719,66,comuna 13
7067,80,comuna 15
19380,52,comuna 7
33286,36,comuna 10
45494,34,comuna 9
11901,70,comuna 8
5804,25,comuna 1
45968,43,comuna 2
20529,14,comuna 6
26243,62,comuna 6
9966,43,comuna 9
17283,83,comuna 16
32861,56,comuna 2
16473,66,comuna 5
7578,65,comuna 12
16718,81,comuna 15
44898,87,comuna 2
29478,13,comuna 5
45984,73,comuna 6
4990,68,comuna 15
10583,44,comuna 3
27914,65,comuna 16
15356,27,comuna 5
29732,85,comuna 5
35006,40,comuna 3
37851,54,comuna 11
49286,85,comuna 16
4448,72,comuna 16
21498,60,comuna 8
26726,51,comuna 9
549,78,comuna 13
31573,30,comuna 8
46950,41,comuna 5
35081,55,comuna 14
40897,82,comuna 1
19027,74,comuna 7
3993,76,comuna 14
34043,52,comuna 2
26810,62,comuna 9
13217,33,comuna 14
33387,85,comuna 5
34235,57,comuna 2
49122,57,comuna 1
2608,76,comuna 4
44352,14,comuna 2
22435,75,comuna 5
34291,48,comuna 16
43356,74,comuna 3
22773,20,comuna 11
2729,34,comuna 12
41919,81,comuna 13
22991,76,comuna 1
42666,19,comuna 1
13963,84,comuna 3
28686,57,comuna 12
34495,80,comuna 2
22246,27,comuna 14
31990,36,comuna 1
2545,83,comuna 12
6730,56,comuna 8
40501,77,comuna 9
16611,18,comuna 8
2331,23,comuna 14
37827,71,comuna 2
37814,74,comuna 6
31332,24,comuna 10
3808,10,comuna 12
25538,62,comuna 15
48442,40,comuna 6
13548,71,comuna 10
7547,55,comuna 8
49399,43,comuna 14
728,23,comuna 14
4923,46,comuna 3
38272,46,comuna 12
39714,70,comuna 13
17919,62,comuna 15
16264,65,comuna 4
42500,84,comuna 9
43886,79,comuna 7
492,28,comuna 2
34107,11,comuna 12
11810,33,comuna 12
5767,72,comuna 13
24727,59,comuna 3
40257,82,comuna 9
13632,56,comuna 9
49876,23,comuna 3
11346,68,comuna 4
5486,19,comuna 7
23952,54,comuna 3
5913,73,comuna 14
28526,45,comuna 7
10954,31,comuna 13
26966,29,comuna 5
44206,59,comuna 14
34245,22,comuna 6
24848,46,comuna 7
5236,67,comuna 13
10648,82,comuna 7
14257,19,comuna 6
8200,44,comuna 6
11401,63,comuna 11
40800,13,comuna 16
35387,81,comuna 14
40865,46,comuna 14
33028,81,comuna 10
14219,46,comuna 6
6128,70,comuna 10
13632,75,comuna 5
7103,32,comuna 6
48391,55,comuna 16
25398,48,comuna 6
2010,59,comuna 1
31030,48,comuna 8
6233,44,comuna 3
16198,33,comuna 10
27182,37,comuna 14
16798,57,comuna 1
32042,37,comuna 15
11400,85,comuna 1
30687,23,comuna 4
49744,55,comuna 6
25007,15,comuna 4
18141,25,comuna 5
30976,57,comuna 8
19183,46,comuna 5
16442,11,comuna 10
35665,67,comuna 10
31569,16,comuna 4
14267,17,comuna 15
24087,75,comuna 15
25576,33,comuna 9
35427,63,comuna 5
25096,45,comuna 10
16574,45,comuna 10
4124,66,comuna 16
48613,18,comuna 3
37651,28,comuna 1
47173,21,comuna 10
9596,79,comuna 3
7783,78,comuna 14
4668,37,comuna 7
1235,52,comuna 11
24661,52,comuna 8
24326,26,comuna 1
34478,69,comuna 11
42865,47,comuna 13
5134,74,comuna 3
30656,57,comuna 11
8986,88,comuna 15
46881,68,comuna 16
3804,70,comuna 14
42580,74,comuna 2
20618,23,comuna 13
16576,74,comuna 12
31833,28,comuna 13
28861,32,comuna 8
9404,67,comuna 4
3494,31,comuna 6
19463,85,comuna 12
6402,21,comuna 7
23460,57,comuna 1
48641,45,comuna 16
25403,81,comuna 2
34346,59,comuna 16
2306,19,comuna 13
35457,44,comuna 12
47376,52,comuna 16
7329,46,comuna 7
15294,55,comuna 3
15396,55,comuna 12
13155,35,comuna 14
45632,36,comuna 3
10423,14,comuna 7
45206,59,comuna 11
27152,70,comuna 15
1160,89,comuna 1
30091,56,comuna 2
24951,53,comuna 1
15630,50,comuna 14
5844,49,comuna 1
48798,30,comuna 6
13294,57,comuna 13
24959,49,comuna 3
35881,69,comuna 5
32641,69,comuna 3
8507,50,comuna 12
43561,81,comuna 7
36337,68,comuna 4
37930,74,comuna 11
17111,65,comuna 14
45217,57,comuna 4
12217,70,comuna 7
20932,34,comuna 14
31317,22,comuna 9
46833,34,comuna 1
31651,83,comuna 6
47714,84,comuna 5
15834,53,comuna 13
11005,24,comuna 10
14568,42,comuna 5
40732,45,comuna 6
10542,74,comuna 14
30453,79,comuna 15
17162,14,comuna 7
20819,10,comuna 10
47589,89,comuna 3
33001,70,comuna 15
32976,53,comuna 4
27583,34,comuna 12
22486,18,comuna 1
15226,80,comuna 4
3504,19,comuna 5
2437,58,comuna 14
29965,17,comuna 12
35536,61,comuna 9
194,29,comuna 10
30595,90,comuna 6
24441,52,comuna 8
33158,61,comuna 10
13179,39,comuna 8
45911,73,comuna 2
38120,42,comuna 11
43901,67,comuna 16
16204,79,comuna 16
37431,36,comuna 5
8624,89,comuna 15
39109,27,comuna 15
6286,32,comuna 2
7897,60,comuna 1
26697,17,comuna 16
29299,28,comuna 1
38849,79,comuna 10
9443,48,comuna 8
18826,37,comuna 14
43057,25,comuna 5
11178,18,comuna 4
8434,14,comuna 9
6135,12,comuna 13
25845,88,comuna 12
5287,12,comuna 10
31992,53,comuna 9
45190,84,comuna 8
6808,37,comuna 13
26982,64,comuna 16
2485,89,comuna 4
47063,72,comuna 4
49531,23,comuna 13
19125,62,comuna 10
27983,80,comuna 9
16502,75,comuna 5
32587,46,comuna 8
30588,38,comuna 1
12938,20,comuna 12
42962,82,comuna 15
47991,24,comuna 8
30429,82,comuna 3
46503,54,comuna 9
28540,53,comuna 1
22361,33,comuna 9
1928,77,comuna 5
31504,40,comuna 3
3981,72,comuna 16
30360,67,comuna 2
8561,35,comuna 16
11120,88,comuna 7
37338,84,comuna 3
16785,23,comuna 2
37264,16,comuna 12
27099,74,comuna 5
8645,81,comuna 8
14891,28,comuna 3
864,52,comuna 5
4798,49,comuna 7
27147,24,comuna 5
3734,59,comuna 15
35380,48,comuna 5
19677,58,comuna 9
44067,68,comuna 12
21987,20,comuna 8
17719,88,comuna 4
26580,58,comuna 12
5069,52,comuna 2
34908,85,comuna 3
4775,30,comuna 11
46478,71,comuna 5
24288,38,comuna 7
48559,16,comuna 14
23377,12,comuna 10
43124,48,comuna 6
14620,10,comuna 16
3744,12,comuna 14
41816,31,comuna 1
793,68,comuna 8
14695,22,comuna 9
222,15,comuna 11
19278,30,comuna 8
33867,45,comuna 6
43891,88,comuna 8
36504,55,comuna 11
47577,82,comuna 8
16852,39,comuna 16
17492,44,comuna 4
4670,51,comuna 5
36103,71,comuna 6
49550,51,comuna 2
33599,44,comuna 16
46898,70,comuna 15
17065,40,comuna 5
28506,65,comuna 7
17064,54,comuna 15
28707,12,comuna 4
29245,15,comuna 16
18828,32,comuna 8
36868,11,comuna 11
11898,88,comuna 1
15940,86,comuna 5
34279,12,comuna 6
31611,44,comuna 4
44775,51,comuna 15
20815,13,comuna 11
16760,41,comuna 9
5477,87,comuna 10
29762,73,comuna 16
14108,83,comuna 15
6447,68,comuna 3
32292,61,comuna 8
4799,39,comuna 8
44535,24,comuna 8
29774,65,comuna 12
36964,65,comuna 6
39290,81,comuna 10
872,62,comuna 16
2593,27,comuna 15
43360,23,comuna 3
40207,48,comuna 13
27003,40,comuna 8
26540,23,comuna 9
48614,40,comuna 13
24757,90,comuna 10
27580,23,comuna 4
14816,38,comuna 2
20485,76,comuna 8
4569,18,comuna 6
7639,89,comuna 14
7332,50,comuna 4
9887,53,comuna 2
41241,63,comuna 9
1529,13,comuna 1
11478,65,comuna 10
39910,22,comuna 5
15789,57,comuna 13
45981,43,comuna 3
39409,65,comuna 5
32559,29,comuna 8
11828,43,comuna 1
48279,30,comuna 2
34737,74,comuna 5
9595,72,comuna 11
24506,87,comuna 9
49268,15,comuna 3
7782,53,comuna 5
7496,83,comuna 6
32579,61,comuna 1
1653,68,comuna 6
14833,80,comuna 4
37090,79,comuna 3
3665,70,comuna 7
1214,43,comuna 10
7058,68,comuna 3
11471,43,comuna 4
49209,40,comuna 16
43100,80,comuna 14
4471,13,comuna 1
34118,63,comuna 9
3613,82,comuna 1
28195,45,comuna 13
45091,14,comuna 7
26779,67,comuna 2
31743,36,comuna 12
25859,82,comuna 4
40799,71,comuna 1
34975,55,comuna 5
34491,84,comuna 1
42371,56,comuna 12
31047,50,comuna 15
21599,54,comuna 4
8057,35,comuna 9
20662,85,comuna 11
2901,76,comuna 4
11018,83,comuna 14
24641,36,comuna 10
21917,72,comuna 12
43552,14,comuna 2
47775,24,comuna 15
32076,72,comuna 9
23785,47,comuna 16
40009,39,comuna 16
21767,33,comuna 1
28299,14,comuna 9
7244,69,comuna 14
36991,37,comuna 11
27165,61,comuna 11
17235,47,comuna 14
24192,60,comuna 7
9093,89,comuna 10
309,44,comuna 9
4074,30,comuna 8
16479,82,comuna 2
8562,62,comuna 9
22757,60,comuna 1
16913,44,comuna 7
44954,55,comuna 5
36876,24,comuna 10
34616,38,comuna 7
35832,84,comuna 10
37849,21,comuna 5
28473,35,comuna 2
25972,73,comuna 4
3546,13,comuna 11
23676,78,comuna 10
12527,57,comuna 10
34961,57,comuna 9
44152,42,comuna 5
18741,23,comuna 14
10330,76,comuna 1
34098,20,comuna 14
36084,40,comuna 5
48410,64,comuna 16
21026,46,comuna 1
35,17,comuna 9
15436,75,comuna 9
25021,75,comuna 2
23468,57,comuna 1
48175,75,comuna 3
14049,36,comuna 9
16751,34,comuna 10
39548,89,comuna 16
23251,67,comuna 2
37283,39,comuna 11
11849,69,comuna 12
48933,22,comuna 8
18442,81,comuna 12
3671,50,comuna 16
20192,33,comuna 3
18005,37,comuna 8
32254,70,comuna 8
8924,71,comuna 9
37833,20,comuna 15
29037,65,comuna 1
9,65,comuna 2
14960,49,comuna 1
25559,52,comuna 1
48817,66,comuna 7
1836,44,comuna 5
40046,36,comuna 7
38657,35,comuna 16
49532,14,comuna 4
42366,29,comuna 6
11163,71,comuna 7
27756,23,comuna 1
46838,86,comuna 14
24889,85,comuna 6
30389,14,comuna 5
3025,30,comuna 4
33612,46,comuna 11
38411,61,comuna 15
49637,73,comuna 4
2623,77,comuna 4
39125,73,comuna 2
12639,79,comuna 8
28326,31,comuna 7
22119,23,comuna 15
40833,90,comuna 6
35897,54,comuna 16
22208,79,comuna 8
18949,45,comuna 5
18113,85,comuna 12
18535,39,comuna 11
28861,53,comuna 2
43611,59,comuna 10
31538,24,comuna 3
40924,66,comuna 2
2868,26,comuna 1
47648,25,comuna 9
44617,56,comuna 13
40737,16,comuna 6
3486,22,comuna 7
13855,26,comuna 4
26752,35,comuna 1
38037,10,comuna 2
9923,66,comuna 16
22896,27,comuna 16
39966,12,comuna 12
33849,88,comuna 11
31658,14,comuna 10
42607,84,comuna 3
33013,86,comuna 10
8409,64,comuna 7
14889,28,comuna 8
25948,15,comuna 13
47926,27,comuna 6
1821,10,comuna 7
20441,36,comuna 10
14366,14,comuna 2
19895,72,comuna 8
33872,87,comuna 8
10449,84,comuna 14
1034,17,comuna 8
46177,29,comuna 5
24364,41,comuna 7
49191,50,comuna 6
25834,42,comuna 5
37837,90,comuna 14
40609,73,comuna 1
24427,40,comuna 8
45262,67,comuna 3
37629,33,comuna 14
8335,33,comuna 16
3355,40,comuna 16
181,58,comuna 6
11831,14,comuna 14
20573,27,comuna 16
4668,23,comuna 15
2535,83,comuna 14
29811,58,comuna 12
39694,63,comuna 16
12114,87,comuna 14
47574,56,comuna 12
49389,53,comuna 10
20657,73,comuna 7
28309,90,comuna 12
6613,29,comuna 14
25928,15,comuna 12
41194,88,comuna 4
26811,47,comuna 16
5947,47,comuna 11
36727,35,comuna 10
19141,10,comuna 8
18375,28,comuna 12
36778,35,comuna 15
7497,15,comuna 11
39965,19,comuna 4
43404,24,comuna 13
29682,90,comuna 9
8672,38,comuna 14
27857,79,comuna 3
47707,22,comuna 12
27760,47,comuna 10
11625,41,comuna 6
28100,10,comuna 8
2746,88,comuna 12
12030,81,comuna 2
34503,19,comuna 1
33296,18,comuna 16
12829,80,comuna 14
31250,84,comuna 16
25703,90,comuna 6
47694,77,comuna 14
14148,42,comuna 10
20727,15,comuna 7
33582,21,comuna 1
47420,42,comuna 12
4502,24,comuna 11
8436,31,comuna 12
5252,80,comuna 9
33747,70,comuna 12
45987,47,comuna 14
18058,29,comuna 4
30982,30,comuna 3
25214,46,comuna 15
24059,34,comuna 14
41555,56,comuna 12
20783,88,comuna 8
19070,23,comuna 7
40438,56,comuna 3
1783,69,comuna 8
37724,23,comuna 13
33457,68,comuna 15
45925,40,comuna 16
34668,39,comuna 16
37198,49,comuna 1
42832,15,comuna 15
24863,59,comuna 11
6426,37,comuna 14
16711,45,comuna 3
9143,10,comuna 14
12799,28,comuna 4
14253,80,comuna 1
16044,26,comuna 12
15730,17,comuna 11
43877,72,comuna 1
7318,71,comuna 6
44404,70,comuna 3
31726,83,comuna 15
48759,35,comuna 10
46781,24,comuna 3
42145,12,comuna 6
17919,30,comuna 12
36998,81,comuna 2
3092,17,comuna 15
19726,31,comuna 1
32130,27,comuna 16
200,37,comuna 1
48735,71,comuna 13
15343,64,comuna 2
25768,33,comuna 9
22318,47,comuna 5
858,29,comuna 9
41481,38,comuna 14
26788,53,comuna 16
44488,29,comuna 15
29538,53,comuna 5
18599,52,comuna 10
42278,79,comuna 4
33171,50,comuna 11
42710,83,comuna 3
9866,36,comuna 1
31087,64,comuna 6
42481,90,comuna 3
5977,32,comuna 15
3605,29,comuna 16
12104,63,comuna 8
29232,58,comuna 10
16450,13,comuna 13
39981,16,comuna 4
25791,49,comuna 2
13358,49,comuna 16
10333,23,comuna 16
34290,30,comuna 4
133,84,comuna 1
33420,26,comuna 16
23495,47,comuna 6
33202,54,comuna 10
30361,54,comuna 16
25022,14,comuna 15
19617,72,comuna 1
146,61,comuna 6
35584,60,comuna 16
3368,56,comuna 1
15299,20,comuna 5
31503,40,comuna 15
5760,25,comuna 14
36682,18,comuna 10
34508,87,comuna 14
48564,24,comuna 15
7477,63,comuna 15
24523,86,comuna 12
9607,80,comuna 7
9342,35,comuna 2
24235,36,comuna 8
47458,75,comuna 4
30678,49,comuna 16
23918,49,comuna 1
43682,68,comuna 6
46742,23,comuna 13
17415,14,comuna 3
12197,59,comuna 3
4769,77,comuna 8
6784,86,comuna 5
18851,29,comuna 3
45355,83,comuna 1
34232,63,comuna 13
20732,78,comuna 5
6714,27,comuna 3
36437,25,comuna 7
2589,37,comuna 7
10328,84,comuna 2
9204,24,comuna 10
14793,13,comuna 14
15853,69,comuna 10
30095,59,comuna 7
18108,52,comuna 10
23614,59,comuna 10
7024,23,comuna 5
10104,34,comuna 6
46165,27,comuna 11
34924,90,comuna 4
8665,53,comuna 9
31059,88,comuna 14
44645,55,comuna 9
26993,21,comuna 8
21841,83,comuna 7
37337,60,comuna 13
13952,23,comuna 6
39292,35,comuna 6
43928,64,comuna 16
30117,42,comuna 12
39458,38,comuna 16
38973,61,comuna 8
7058,53,comuna 2
7357,76,comuna 5
6346,69,comuna 14
49714,45,comuna 13
14513,44,comuna 16
33639,14,comuna 8
44026,60,comuna 10
170,41,comuna 14
41300,34,comuna 7
38079,50,comuna 9
11444,81,comuna 16
21339,83,comuna 12
45280,11,comuna 13
22619,54,comuna 9
28991,69,comuna 16
28352,73,comuna 10
28059,61,comuna 8
1737,54,comuna 7
12171,78,comuna 10
47791,14,comuna 5
45247,57,comuna 14
30839,11,comuna 9
15566,87,comuna 13
24352,76,comuna 9
21284,30,comuna 14
21520,38,comuna 16
40199,80,comuna 16
43114,26,comuna 2
40253,86,comuna 16
35441,33,comuna 16
21975,84,comuna 10
40926,78,comuna 4
33454,14,comuna 14
37340,13,comuna 14
35337,32,comuna 1
46699,58,comuna 2
40204,85,comuna 2
33673,72,comuna 4
49759,39,comuna 11
18380,43,comuna 16
11115,25,comuna 9
8432,22,comuna 13
4287,57,comuna 8
19179,29,comuna 1
7338,56,comuna 5
20085,38,comuna 5
26902,33,comuna 13
30733,43,comuna 10
802,50,comuna 6
45532,11,comuna 1
34045,83,comuna 8
8328,45,comuna 15
11786,56,comuna 7
37591,29,comuna 1
25705,52,comuna 13
42531,33,comuna 1
19428,89,comuna 14
21414,62,comuna 15
5020,76,comuna 6
30322,17,comuna 7
47840,30,comuna 11
32923,50,comuna 5
40490,12,comuna 9
23814,74,comuna 8
42623,26,comuna 7
18191,40,comuna 2
14212,22,comuna 5
26319,59,comuna 10
49119,74,comuna 9
29728,56,comuna 16
28847,39,comuna 7
21743,47,comuna 14
15589,26,comuna 3
21739,40,comuna 4
25861,72,comuna 8
4059,17,comuna 14
47729,49,comuna 1
30104,69,comuna 7
3470,55,comuna 11
8953,42,comuna 10
33959,46,comuna 13
35626,53,comuna 5
17449,10,comuna 16
15996,72,comuna 5
44658,76,comuna 2
43841,17,comuna 3
7893,66,comuna 9
13054,29,comuna 6
3362,84,comuna 4
17426,52,comuna 7
41900,25,comuna 9
45713,25,comuna 1
33357,47,comuna 3
47050,14,comuna 7
43405,86,comuna 7
6721,62,comuna 7
41497,82,comuna 14
4789,87,comuna 4
23103,28,comuna 11
694,74,comuna 1
12555,14,comuna 16
41999,27,comuna 16
32165,38,comuna 12
7333,77,comuna 1
38115,40,comuna 12
13046,26,comuna 1
14686,75,comuna 2
1732,32,comuna 15
32307,26,comuna 10
12107,70,comuna 14
3187,44,comuna 8
24875,68,comuna 12
34970,76,comuna 11
21635,79,comuna 10
10362,43,comuna 6
31003,14,comuna 10
7126,46,comuna 5
7651,76,comuna 6
11060,42,comuna 7
30769,21,comuna 9
20295,83,comuna 3
37094,22,comuna 5
34624,83,comuna 5
1995,84,comuna 14
28527,29,comuna 10
12069,86,comuna 3
1540,53,comuna 12
20513,23,comuna 15
32348,52,comuna 16
17437,42,comuna 1
44970,57,comuna 6
49724,63,comuna 10
23201,44,comuna 5
23889,18,comuna 3
38383,44,comuna 16
49736,23,comuna 7
35575,36,comuna 11
22161,88,comuna 14
1173,70,comuna 4
5270,53,comuna 12
39558,27,comuna 13
49331,51,comuna 15
16227,22,comuna 13
45705,12,comuna 10
21863,20,comuna 5
31364,85,comuna 15
21833,31,comuna 15
49754,73,comuna 15
1357,59,comuna 16
40578,19,comuna 11
45857,70,comuna 10
35361,33,comuna 7
40603,77,comuna 2
48912,62,comuna 12
20474,74,comuna 11
38108,63,comuna 4
9551,46,comuna 1
29870,38,comuna 11
22552,59,comuna 7
8983,65,comuna 12
49822,72,comuna 14
37639,31,comuna 10
44599,13,comuna 11
18365,13,comuna 16
21527,76,comuna 8
388,53,comuna 14
15691,83,comuna 7
7289,41,comuna 7
33038,77,comuna 3
1353,69,comuna 16
41228,59,comuna 3
43083,32,comuna 2
11984,86,comuna 9
21912,69,comuna 9
11757,67,comuna 3
37104,86,comuna 9
22794,60,comuna 4
12706,14,comuna 8
5840,67,comuna 5
43544,37,comuna 3
38375,90,comuna 5
2186,42,comuna 5
48644,78,comuna 15
10098,83,comuna 12
25693,30,comuna 5
1273,56,comuna 14
32325,55,comuna 3
19639,43,comuna 3
45926,53,comuna 6
1082,14,comuna 2
41968,38,comuna 13
48090,85,comuna 9
40684,45,comuna 13
33650,79,comuna 9
40552,86,comuna 12
18855,47,comuna 7
3504,35,comuna 14
22674,67,comuna 15
30219,73,comuna 10
20278,36,comuna 15
16301,82,comuna 3
23853,32,comuna 2
27619,21,comuna 16
47984,70,comuna 3
39786,78,comuna 11
23547,51,comuna 1
24360,22,comuna 9
9080,63,comuna 10
29698,18,comuna 6
42469,90,comuna 1
4671,80,comuna 5
25328,90,comuna 1
3019,17,comuna 6
39592,51,comuna 4
8229,35,comuna 12
6667,87,comuna 16
17815,28,comuna 16
15290,58,comuna 4
17196,70,comuna 4
9448,70,comuna 10
17336,58,comuna 14
13600,36,comuna 10
49490,62,comuna 10
20641,15,comuna 7
23000,63,comuna 3
21143,44,comuna 9
15901,45,comuna 4
11587,55,comuna 15
31435,40,comuna 16
30767,27,comuna 12
9995,87,comuna 11
44998,74,comuna 8
49828,52,comuna 2
9284,59,comuna 15
49002,90,comuna 4
34316,30,comuna 7
49105,43,comuna 12
38598,33,comuna 7
43976,64,comuna 6
16709,23,comuna 2
33596,62,comuna 15
44243,24,comuna 11
35794,14,comuna 7
11198,74,comuna 7
43045,58,comuna 9
41390,31,comuna 11
23337,38,comuna 8
24557,65,comuna 5
45592,39,comuna 5
1386,63,comuna 16
49014,22,comuna 11
37538,25,comuna 3
7142,62,comuna 9
33714,82,comuna 14
15541,16,comuna 14
14447,57,comuna 11
15598,82,comuna 11
8940,58,comuna 9
18929,56,comuna 8
34673,30,comuna 1
26862,90,comuna 3
38323,54,comuna 4
34959,13,comuna 15
9763,58,comuna 11
23321,47,comuna 7
16606,28,comuna 1
45030,32,comuna 1
10910,71,comuna 6
7363,54,comuna 12
49812,27,comuna 16
42750,83,comuna 11
29361,86,comuna 8
2927,81,comuna 4
19545,32,comuna 14
41558,38,comuna 8
10554,51,comuna 12
26335,64,comuna 6
28421,53,comuna 14
48030,56,comuna 16
37953,55,comuna 13
7534,20,comuna 10
975,64,comuna 13
7987,51,comuna 6
12886,20,comuna 12
35802,40,comuna 13
35956,58,comuna 6
20803,59,comuna 13
28930,36,comuna 15
14689,24,comuna 7
4439,51,comuna 2
23678,12,comuna 15
27328,21,comuna 3
2556,52,comuna 9
31404,65,comuna 7
90,87,comuna 7
23212,80,comuna 4
28724,48,comuna 4
25114,84,comuna 12
20169,14,comuna 3
20330,74,comuna 1
26448,36,comuna 7
10289,13,comuna 6
37822,77,comuna 10
17435,88,comuna 1
25366,74,comuna 2
3542,44,comuna 12
23474,40,comuna 1
33498,18,comuna 15
19766,74,comuna 3
1545,68,comuna 2
43506,32,comuna 6
10072,65,comuna 10
34250,89,comuna 4
34767,19,comuna 13
47784,49,comuna 1
41552,48,comuna 3
16945,47,comuna 14
43778,43,comuna 4
3853,65,comuna 16
27560,44,comuna 16
21344,83,comuna 12
18144,83,comuna 12
43488,51,comuna 5
15614,78,comuna 14
23008,57,comuna 10
1427,75,comuna 15
13272,20,comuna 9
27971,55,comuna 9
21054,58,comuna 15
48934,24,comuna 6
33752,49,comuna 5
43446,49,comuna 6
34030,12,comuna 10
21631,49,comuna 9
17265,90,comuna 6
38000,75,comuna 6
25141,33,comuna 15
24310,42,comuna 9
35843,26,comuna 3
36570,52,comuna 12
514,31,comuna 2
47277,54,comuna 9
29200,82,comuna 2
31851,48,comuna 11
18091,14,comuna 2
25135,86,comuna 14
21953,36,comuna 13
10172,74,comuna 14
33630,20,comuna 12
26868,87,comuna 16
13772,45,comuna 15
49862,15,comuna 11
10377,90,comuna 14
23973,66,comuna 4
43360,13,comuna 12
906,61,comuna 10
33216,90,comuna 10
37687,21,comuna 16
4363,60,comuna 15
39169,31,comuna 12
40453,66,comuna 2
34039,38,comuna 7
41593,43,comuna 7
19611,76,comuna 2
9482,48,comuna 2
41978,69,comuna 3
5989,80,comuna 12
32540,45,comuna 4
3393,58,comuna 9
46456,48,comuna 14
3482,71,comuna 14
33924,11,comuna 15
22943,17,comuna 16
6874,51,comuna 12
30229,71,comuna 11
32247,16,comuna 5
44546,78,comuna 8
17277,67,comuna 11
40906,25,comuna 12
8681,65,comuna 11
1424,35,comuna 4
17914,48,comuna 12
11653,77,comuna 1
27980,24,comuna 8
430,60,comuna 2
32324,90,comuna 9
38122,89,comuna 3
15142,80,comuna 9
643,43,comuna 3
48258,24,comuna 12
24827,26,comuna 7
2090,43,comuna 16
1780,52,comuna 5
28256,33,comuna 6
41973,77,comuna 4
49280,33,comuna 4
12319,76,comuna 9
42650,72,comuna 13
5700,64,comuna 4
49700,65,comuna 4
39459,71,comuna 16
404,61,comuna 6
47158,25,comuna 4
9720,27,comuna 4
26684,23,comuna 10
18124,55,comuna 2
17395,33,comuna 3
2278,50,comuna 15
20709,31,comuna 2
13733,34,comuna 14
21554,23,comuna 1
23375,45,comuna 16
27068,27,comuna 10
38960,77,comuna 12
21757,89,comuna 14
47684,26,comuna 7
43541,69,comuna 7
25828,24,comuna 13
15712,87,comuna 14
5358,62,comuna 6
32387,47,comuna 4
59,71,comuna 16
29350,69,comuna 3
24175,13,comuna 13
14060,81,comuna 13
44747,50,comuna 5
42653,33,comuna 4
42701,53,comuna 1
1430,33,comuna 6
3966,29,comuna 9
35974,36,comuna 7
34074,65,comuna 6
31061,48,comuna 6
28436,55,comuna 13
41523,11,comuna 12
33484,74,comuna 3
25632,35,comuna 1
591,75,comuna 16
39072,86,comuna 3
11075,26,comuna 12
16734,33,comuna 12
31818,88,comuna 1
39401,80,comuna 6
45750,31,comuna 5
19829,70,comuna 1
13643,58,comuna 7
3563,40,comuna 13
3548,58,comuna 14
39835,58,comuna 14
31210,61,comuna 8
17961,78,comuna 1
36893,35,comuna 1
3285,34,comuna 1
26999,44,comuna 16
42687,38,comuna 7
31537,26,comuna 8
38953,32,comuna 13
49670,40,comuna 3
4947,77,comuna 13
39021,43,comuna 13
44079,31,comuna 11
5633,43,comuna 12
1652,23,comuna 1
34528,35,comuna 9
43064,79,comuna 4
19685,33,comuna 4
10081,62,comuna 15
13919,72,comuna 9
784,76,comuna 13
27322,44,comuna 12
3313,53,comuna 15
29561,31,comuna 8
10105,18,comuna 10
13531,85,comuna 14
45977,34,comuna 7
22339,54,comuna 4
27080,16,comuna 2
35426,10,comuna 8
33867,22,comuna 14
8764,15,comuna 3
19520,76,comuna 12
36474,48,comuna 12
10979,75,comuna 12
20856,59,comuna 1
7119,77,comuna 5
2169,13,comuna 6
49585,50,comuna 12
33533,63,comuna 8
1655,84,comuna 14
6944,35,comuna 15
42945,85,comuna 12
8357,83,comuna 12
28065,61,comuna 11
5788,32,comuna 4
49777,57,comuna 8
2048,38,comuna 12
11322,60,comuna 12
22102,67,comuna 8
21958,26,comuna 5
29848,50,comuna 10
11297,66,comuna 15
1045,70,comuna 14
4866,12,comuna 9
28825,75,comuna 12
4588,17,comuna 16
3702,79,comuna 15
33557,23,comuna 13
31298,15,comuna 8
21467,86,comuna 16
22319,23,comuna 7
45655,45,comuna 12
3090,47,comuna 14
42544,62,comuna 12
36655,66,comuna 14
41311,45,comuna 16
27445,64,comuna 12
13493,84,comuna 12
41768,38,comuna 6
9132,74,comuna 10
12293,56,comuna 10
21638,83,comuna 5
4461,30,comuna 1
13417,79,comuna 11
49414,60,comuna 10
12360,16,comuna 11
16148,23,comuna 16
27731,88,comuna 15
10974,56,comuna 4
38045,59,comuna 3
3720,39,comuna 4
20880,43,comuna 2
15592,44,comuna 6
17279,80,comuna 8
24917,22,comuna 5
