comuna,ICA,fecha,ID
comuna 10,98,2024-06-23,11262
comuna 8,97,2024-06-25,689
comuna 7,27,2024-07-31,33427
comuna 8,78,2024-07-31,37377
comuna 3,37,2024-06-25,23210
comuna 2,76,2024-01-30,23760
comuna 9,71,2024-06-23,24776
comuna 6,62,2024-01-30,19359
comuna 6,45,2024-06-25,4301
comuna 14,95,2024-07-31,41056
comuna 5,50,2024-01-30,19207
comuna 14,49,2024-01-30,34629
comuna 13,64,2024-06-23,4038
comuna 13,95,2024-06-23,46445
comuna 15,71,2024-07-31,17959
comuna 9,21,2024-06-23,34209
comuna 16,95,2024-01-30,653
comuna 10,67,2024-06-23,30744
comuna 1,24,2024-06-23,39368
comuna 12,68,2024-01-30,45894
comuna 16,64,2024-07-31,2995
comuna 3,37,2024-06-25,27899
comuna 5,66,2024-06-23,41592
comuna 12,15,2024-01-30,9318
comuna 5,63,2024-01-30,41870
comuna 8,15,2024-06-25,43305
comuna 6,22,2024-06-25,10024
comuna 9,77,2024-06-25,44375
comuna 11,92,2024-07-31,1739
comuna 10,95,2024-06-25,44377
comuna 15,86,2024-01-30,19662
comuna 3,70,2024-01-30,14049
comuna 9,44,2024-07-31,46027
comuna 6,25,2024-07-31,17794
comuna 8,15,2024-07-31,4227
comuna 10,64,2024-06-23,45423
comuna 14,72,2024-07-31,21177
comuna 5,54,2024-06-23,32504
comuna 11,34,2024-06-23,12719
comuna 8,87,2024-07-31,18953
comuna 3,77,2024-06-25,16778
comuna 1,73,2024-06-25,36503
comuna 14,84,2024-06-25,36530
comuna 2,43,2024-06-25,32062
comuna 16,81,2024-06-23,44773
comuna 12,94,2024-06-23,34932
comuna 12,77,2024-06-23,20877
comuna 7,45,2024-01-30,6903
comuna 15,62,2024-06-25,47012
comuna 13,61,2024-01-30,4462
comuna 10,99,2024-07-31,1207
comuna 3,97,2024-06-25,30300
comuna 1,19,2024-07-31,24972
comuna 14,40,2024-01-30,13845
comuna 10,26,2024-07-31,5124
comuna 14,46,2024-06-25,6845
comuna 12,18,2024-06-23,42722
comuna 11,78,2024-07-31,38422
comuna 13,44,2024-06-25,36231
comuna 14,79,2024-01-30,2115
comuna 2,37,2024-06-25,3909
comuna 4,11,2024-06-25,8547
comuna 11,72,2024-01-30,41124
comuna 9,97,2024-07-31,39864
comuna 2,89,2024-07-31,31502
comuna 6,96,2024-06-23,18396
comuna 15,56,2024-07-31,20435
comuna 6,18,2024-06-23,14946
comuna 6,17,2024-06-25,34741
comuna 5,26,2024-07-31,44042
comuna 4,57,2024-06-25,39465
comuna 2,71,2024-07-31,26818
comuna 4,96,2024-06-23,19047
comuna 2,36,2024-06-23,21000
comuna 10,61,2024-06-23,15142
comuna 10,40,2024-06-23,41690
comuna 8,21,2024-06-25,32939
comuna 10,58,2024-06-23,44042
comuna 6,77,2024-06-25,47417
comuna 9,24,2024-01-30,4891
comuna 6,24,2024-06-23,802
comuna 9,55,2024-07-31,5088
comuna 6,59,2024-06-23,28062
comuna 1,14,2024-07-31,26348
comuna 3,54,2024-06-25,6839
comuna 1,41,2024-01-30,9503
comuna 8,87,2024-07-31,349
comuna 9,14,2024-07-31,29401
comuna 13,42,2024-06-23,12790
comuna 8,83,2024-06-25,16625
comuna 14,82,2024-06-25,1846
comuna 7,14,2024-07-31,465
comuna 1,29,2024-01-30,30018
comuna 6,15,2024-06-25,24287
comuna 1,13,2024-01-30,27271
comuna 2,59,2024-07-31,49070
comuna 12,52,2024-06-25,35323
comuna 10,11,2024-07-31,23678
comuna 3,14,2024-01-30,25829
comuna 16,40,2024-07-31,2754
comuna 6,30,2024-06-23,30905
comuna 12,97,2024-06-23,44361
comuna 4,14,2024-07-31,30168
comuna 5,75,2024-07-31,48222
comuna 12,65,2024-06-23,41452
comuna 15,42,2024-06-23,38653
comuna 8,39,2024-06-23,17720
comuna 6,91,2024-07-31,30330
comuna 4,11,2024-06-23,11716
comuna 3,66,2024-01-30,47232
comuna 5,92,2024-06-25,47428
comuna 2,91,2024-06-25,6689
comuna 10,16,2024-06-25,19077
comuna 11,66,2024-07-31,16439
comuna 2,47,2024-07-31,15177
comuna 12,48,2024-06-23,16194
comuna 2,80,2024-06-25,25350
comuna 5,71,2024-06-25,47926
comuna 4,95,2024-06-25,3501
comuna 9,78,2024-06-25,12450
comuna 9,50,2024-06-25,15506
comuna 2,41,2024-07-31,30354
comuna 5,21,2024-07-31,21827
comuna 12,47,2024-07-31,8650
comuna 7,66,2024-01-30,39439
comuna 14,98,2024-06-23,20239
comuna 10,15,2024-07-31,2990
comuna 2,25,2024-07-31,15093
comuna 6,68,2024-06-25,9600
comuna 14,19,2024-07-31,49165
comuna 15,10,2024-07-31,41509
comuna 11,79,2024-01-30,36696
comuna 9,96,2024-06-25,20985
comuna 13,10,2024-06-23,92
comuna 11,23,2024-01-30,44729
comuna 1,44,2024-06-25,44931
comuna 15,35,2024-06-23,3241
comuna 15,27,2024-06-23,27409
comuna 8,29,2024-07-31,33081
comuna 6,87,2024-06-25,27489
comuna 12,62,2024-06-25,35984
comuna 7,34,2024-06-23,22239
comuna 12,28,2024-07-31,24060
comuna 1,31,2024-06-25,45132
comuna 1,68,2024-06-25,41767
comuna 9,15,2024-06-23,29526
comuna 5,84,2024-07-31,16657
comuna 9,16,2024-01-30,810
comuna 13,55,2024-06-25,220
comuna 4,44,2024-06-23,44789
comuna 13,97,2024-06-23,9376
comuna 16,79,2024-01-30,129
comuna 10,89,2024-07-31,17962
comuna 1,93,2024-07-31,26081
comuna 15,30,2024-06-25,3739
comuna 6,62,2024-06-25,1046
comuna 6,10,2024-01-30,7300
comuna 13,67,2024-06-25,36864
comuna 2,91,2024-06-23,18975
comuna 3,84,2024-06-23,40023
comuna 15,100,2024-06-25,2356
comuna 7,34,2024-06-23,8313
comuna 13,64,2024-07-31,47951
comuna 9,56,2024-07-31,42908
comuna 3,90,2024-01-30,13856
comuna 2,19,2024-06-23,38039
comuna 3,56,2024-01-30,16502
comuna 12,87,2024-07-31,4329
comuna 3,25,2024-06-23,6554
comuna 6,57,2024-07-31,23389
comuna 10,53,2024-06-25,19808
comuna 7,14,2024-06-23,27402
comuna 10,78,2024-07-31,46150
comuna 15,56,2024-01-30,9169
comuna 8,56,2024-07-31,9162
comuna 12,12,2024-01-30,5919
comuna 16,69,2024-07-31,26927
comuna 10,29,2024-01-30,37517
comuna 13,71,2024-01-30,49952
comuna 15,75,2024-07-31,48869
comuna 8,33,2024-06-23,39824
comuna 11,93,2024-06-23,24447
comuna 15,38,2024-07-31,1858
comuna 7,88,2024-06-25,39717
comuna 5,19,2024-06-23,44987
comuna 11,25,2024-06-23,1880
comuna 10,53,2024-06-23,29392
comuna 4,33,2024-06-25,6139
comuna 11,87,2024-01-30,47402
comuna 4,98,2024-06-23,25727
comuna 5,35,2024-06-25,1970
comuna 7,15,2024-06-25,32130
comuna 12,76,2024-06-25,15862
comuna 8,60,2024-01-30,8558
comuna 1,30,2024-06-23,40661
comuna 2,15,2024-07-31,40700
comuna 13,20,2024-06-23,40639
comuna 13,85,2024-01-30,22230
comuna 2,87,2024-06-25,48601
comuna 14,12,2024-07-31,7050
comuna 16,64,2024-06-25,8819
comuna 16,52,2024-01-30,30974
comuna 8,54,2024-06-23,34050
comuna 8,74,2024-06-23,7248
comuna 3,12,2024-01-30,8854
comuna 13,65,2024-07-31,29785
comuna 8,30,2024-06-25,31422
comuna 12,13,2024-07-31,34078
comuna 14,36,2024-06-23,24561
comuna 10,12,2024-06-25,4468
comuna 13,74,2024-01-30,12507
comuna 8,13,2024-07-31,18148
comuna 8,27,2024-06-23,24928
comuna 8,30,2024-06-23,32206
comuna 14,71,2024-06-23,4301
comuna 4,100,2024-01-30,35288
comuna 7,52,2024-07-31,22458
comuna 4,62,2024-06-25,23993
comuna 12,44,2024-07-31,8304
comuna 7,97,2024-01-30,20274
comuna 11,32,2024-07-31,18944
comuna 14,45,2024-07-31,26244
comuna 2,55,2024-01-30,11675
comuna 5,42,2024-01-30,24332
comuna 6,71,2024-07-31,4079
comuna 13,12,2024-01-30,5108
comuna 8,32,2024-06-23,3615
comuna 3,17,2024-07-31,29431
comuna 7,44,2024-01-30,3845
comuna 9,37,2024-07-31,1052
comuna 2,26,2024-01-30,47303
comuna 1,81,2024-01-30,35906
comuna 10,53,2024-06-25,30086
comuna 1,49,2024-07-31,13704
comuna 7,23,2024-06-25,7359
comuna 1,23,2024-01-30,12289
comuna 11,98,2024-06-25,10152
comuna 12,23,2024-01-30,18221
comuna 2,93,2024-06-25,27041
comuna 15,65,2024-06-25,25034
comuna 8,73,2024-07-31,26507
comuna 4,23,2024-07-31,28468
comuna 1,61,2024-06-25,30361
comuna 16,47,2024-01-30,21796
comuna 2,93,2024-01-30,29796
comuna 16,15,2024-07-31,29705
comuna 6,87,2024-06-25,18311
comuna 4,90,2024-06-23,19996
comuna 8,11,2024-06-23,38806
comuna 8,82,2024-06-25,47897
comuna 15,94,2024-06-25,46175
comuna 7,44,2024-06-25,40644
comuna 11,94,2024-07-31,49508
comuna 14,62,2024-06-23,17074
comuna 16,98,2024-06-25,13583
comuna 11,38,2024-06-25,1369
comuna 5,97,2024-06-25,42596
comuna 2,65,2024-07-31,41244
comuna 11,76,2024-07-31,49296
comuna 16,34,2024-06-25,39567
comuna 4,94,2024-07-31,46065
comuna 12,39,2024-07-31,43525
comuna 6,82,2024-07-31,43043
comuna 13,40,2024-01-30,35194
comuna 2,30,2024-07-31,26083
comuna 15,72,2024-06-23,48601
comuna 10,12,2024-07-31,3042
comuna 12,58,2024-01-30,33410
comuna 11,95,2024-01-30,27387
comuna 8,11,2024-06-23,26088
comuna 12,73,2024-07-31,34560
comuna 8,96,2024-07-31,38024
comuna 4,95,2024-06-23,45847
comuna 11,63,2024-01-30,49301
comuna 9,67,2024-01-30,37802
comuna 1,65,2024-06-25,49201
comuna 4,67,2024-06-23,2947
comuna 16,35,2024-06-23,15697
comuna 12,24,2024-01-30,44506
comuna 11,36,2024-06-25,6726
comuna 8,51,2024-06-23,44942
comuna 12,92,2024-07-31,1664
comuna 13,23,2024-07-31,40339
comuna 11,94,2024-01-30,14607
comuna 12,36,2024-06-23,8792
comuna 14,86,2024-07-31,26328
comuna 3,26,2024-07-31,28357
comuna 5,42,2024-06-23,27690
comuna 8,64,2024-06-23,20423
comuna 15,56,2024-01-30,27394
comuna 1,55,2024-06-25,8382
comuna 16,46,2024-07-31,10142
comuna 5,29,2024-06-23,24970
comuna 7,49,2024-01-30,32408
comuna 8,45,2024-06-25,6031
comuna 11,14,2024-06-23,44681
comuna 2,25,2024-07-31,38335
comuna 9,86,2024-07-31,25028
comuna 10,100,2024-07-31,22375
comuna 9,100,2024-06-23,4010
comuna 13,14,2024-06-25,33086
comuna 7,46,2024-07-31,4414
comuna 12,89,2024-07-31,9717
comuna 7,97,2024-01-30,40847
comuna 8,100,2024-01-30,9764
comuna 9,65,2024-01-30,16748
comuna 13,78,2024-07-31,16106
comuna 5,34,2024-01-30,49898
comuna 4,93,2024-07-31,36491
comuna 9,100,2024-01-30,33425
comuna 10,75,2024-07-31,36767
comuna 12,54,2024-01-30,43779
comuna 1,72,2024-01-30,24122
comuna 8,25,2024-06-23,2700
comuna 16,28,2024-06-23,34968
comuna 9,23,2024-06-25,22916
comuna 3,100,2024-06-23,15863
comuna 8,39,2024-06-25,27956
comuna 12,79,2024-01-30,15743
comuna 2,76,2024-06-25,35738
comuna 14,71,2024-01-30,13564
comuna 2,19,2024-07-31,39860
comuna 2,25,2024-01-30,29709
comuna 15,43,2024-06-25,48912
comuna 6,94,2024-06-23,41470
comuna 4,21,2024-06-23,33896
comuna 11,60,2024-06-23,25865
comuna 2,11,2024-01-30,36621
comuna 4,39,2024-06-25,10638
comuna 14,69,2024-01-30,27847
comuna 13,17,2024-07-31,6533
comuna 12,63,2024-06-23,21845
comuna 2,87,2024-06-25,23747
comuna 2,24,2024-06-25,13532
comuna 12,62,2024-06-23,1248
comuna 15,22,2024-06-23,3619
comuna 8,79,2024-06-25,14616
comuna 5,93,2024-06-23,6185
comuna 15,94,2024-01-30,38898
comuna 12,75,2024-06-23,15367
comuna 4,89,2024-07-31,705
comuna 3,14,2024-06-23,40313
comuna 12,71,2024-06-23,6280
comuna 11,96,2024-01-30,13013
comuna 13,10,2024-06-25,20246
comuna 1,26,2024-06-23,25780
comuna 13,59,2024-07-31,20944
comuna 5,17,2024-01-30,17615
comuna 15,73,2024-07-31,35101
comuna 6,58,2024-01-30,6737
comuna 2,22,2024-06-25,32629
comuna 14,43,2024-01-30,2422
comuna 4,88,2024-07-31,21218
comuna 9,72,2024-01-30,39190
comuna 11,70,2024-06-25,4326
comuna 7,21,2024-06-25,27555
comuna 5,62,2024-06-23,787
comuna 12,84,2024-01-30,44849
comuna 11,10,2024-06-25,8608
comuna 14,21,2024-06-25,22883
comuna 11,73,2024-06-23,36488
comuna 1,22,2024-07-31,40870
comuna 13,44,2024-07-31,46450
comuna 1,60,2024-06-23,27904
comuna 15,59,2024-06-23,20945
comuna 10,65,2024-06-23,30794
comuna 1,33,2024-06-23,9880
comuna 1,19,2024-01-30,31283
comuna 9,62,2024-06-23,41371
comuna 14,18,2024-06-23,14019
comuna 3,67,2024-01-30,20157
comuna 16,38,2024-06-23,1784
comuna 6,43,2024-06-23,34738
comuna 15,18,2024-06-25,22321
comuna 15,77,2024-06-25,22006
comuna 4,32,2024-06-25,38393
comuna 10,31,2024-07-31,12978
comuna 9,98,2024-06-25,43505
comuna 9,51,2024-06-25,46117
comuna 3,66,2024-01-30,21797
comuna 5,44,2024-07-31,8857
comuna 14,99,2024-06-25,32683
comuna 4,71,2024-06-25,1618
comuna 3,89,2024-01-30,41577
comuna 9,86,2024-06-23,34601
comuna 4,46,2024-07-31,28632
comuna 9,96,2024-06-23,33746
comuna 2,68,2024-07-31,49535
comuna 9,82,2024-06-25,3017
comuna 4,50,2024-06-23,8022
comuna 2,96,2024-01-30,5534
comuna 1,29,2024-01-30,1804
comuna 13,45,2024-06-23,5465
comuna 8,82,2024-01-30,38144
comuna 10,10,2024-07-31,4045
comuna 11,99,2024-07-31,17300
comuna 4,13,2024-01-30,7927
comuna 13,93,2024-06-25,39606
comuna 14,35,2024-06-23,38959
comuna 10,89,2024-06-25,6175
comuna 1,53,2024-06-25,20554
comuna 12,18,2024-07-31,26474
comuna 14,25,2024-06-23,19225
comuna 12,28,2024-06-25,37380
comuna 16,96,2024-07-31,26728
comuna 13,82,2024-06-23,7497
comuna 14,70,2024-06-25,30902
comuna 12,100,2024-01-30,33545
comuna 6,52,2024-06-23,22872
comuna 6,80,2024-07-31,8407
comuna 2,90,2024-06-23,1694
comuna 4,26,2024-06-23,28449
comuna 8,76,2024-06-25,37377
comuna 12,91,2024-07-31,1666
comuna 14,62,2024-07-31,7155
comuna 7,24,2024-06-23,23539
comuna 9,80,2024-06-25,10554
comuna 5,45,2024-07-31,22143
comuna 4,52,2024-06-23,31761
comuna 2,52,2024-06-25,45320
comuna 16,15,2024-07-31,27024
comuna 7,55,2024-06-23,38267
comuna 6,45,2024-06-25,12756
comuna 12,97,2024-07-31,32194
comuna 7,92,2024-07-31,17623
comuna 8,11,2024-06-25,23713
comuna 15,49,2024-06-25,13647
comuna 11,48,2024-01-30,23878
comuna 3,100,2024-06-25,31142
comuna 1,69,2024-07-31,41828
comuna 15,11,2024-06-23,46427
comuna 7,84,2024-07-31,33643
comuna 14,96,2024-07-31,37648
comuna 2,40,2024-01-30,26207
comuna 14,15,2024-07-31,14788
comuna 13,59,2024-07-31,17077
comuna 11,12,2024-01-30,11718
comuna 13,51,2024-06-25,11175
comuna 16,71,2024-06-25,48156
comuna 13,38,2024-06-23,49626
comuna 12,44,2024-06-25,31230
comuna 4,80,2024-07-31,8700
comuna 15,23,2024-07-31,48108
comuna 14,33,2024-06-25,1437
comuna 1,82,2024-06-25,11151
comuna 1,79,2024-06-23,31169
comuna 6,97,2024-06-23,30195
comuna 14,29,2024-01-30,20051
comuna 2,79,2024-06-23,29176
comuna 6,15,2024-06-25,29862
comuna 14,78,2024-06-23,5786
comuna 16,98,2024-06-23,25707
comuna 7,80,2024-06-23,11444
comuna 16,17,2024-06-25,25950
comuna 15,54,2024-06-25,19851
comuna 1,88,2024-01-30,22777
comuna 15,10,2024-01-30,25653
comuna 9,54,2024-06-23,26490
comuna 7,76,2024-06-25,10417
comuna 12,40,2024-06-23,43882
comuna 10,78,2024-06-23,38935
comuna 7,33,2024-01-30,27173
comuna 14,40,2024-07-31,24483
comuna 14,12,2024-01-30,18258
comuna 12,91,2024-06-23,49847
comuna 2,62,2024-06-25,21798
comuna 7,100,2024-01-30,48328
comuna 2,80,2024-06-23,45321
comuna 16,54,2024-07-31,43885
comuna 2,70,2024-06-25,13079
comuna 9,16,2024-01-30,19622
comuna 4,49,2024-06-25,37122
comuna 8,51,2024-06-25,39816
comuna 15,56,2024-07-31,26482
comuna 14,34,2024-01-30,34540
comuna 11,14,2024-06-23,41813
comuna 15,97,2024-01-30,38291
comuna 11,93,2024-01-30,10512
comuna 14,97,2024-06-25,37632
comuna 15,29,2024-06-23,11026
comuna 9,27,2024-01-30,35927
comuna 9,30,2024-06-23,46000
comuna 7,64,2024-01-30,24704
comuna 6,33,2024-06-23,7984
comuna 12,69,2024-06-25,31446
comuna 15,91,2024-07-31,46540
comuna 13,83,2024-06-25,16021
comuna 15,49,2024-06-23,45428
comuna 2,18,2024-01-30,35110
comuna 3,89,2024-01-30,46423
comuna 14,47,2024-07-31,27802
comuna 9,90,2024-07-31,30318
comuna 12,25,2024-07-31,37561
comuna 2,42,2024-06-23,33410
comuna 11,100,2024-06-23,25729
comuna 13,23,2024-06-23,8797
comuna 12,56,2024-07-31,31431
comuna 14,63,2024-06-23,19709
comuna 10,100,2024-07-31,24430
comuna 4,89,2024-07-31,33654
comuna 10,35,2024-07-31,27648
comuna 1,41,2024-06-23,26935
comuna 2,85,2024-06-23,25478
comuna 11,11,2024-06-23,22643
comuna 14,60,2024-07-31,9147
comuna 5,90,2024-06-23,17855
comuna 4,38,2024-07-31,8730
comuna 4,80,2024-06-23,2554
comuna 14,35,2024-06-23,29525
comuna 9,46,2024-06-23,44964
comuna 1,36,2024-06-23,22330
comuna 6,82,2024-01-30,24827
comuna 2,85,2024-01-30,31933
comuna 15,93,2024-06-23,30653
comuna 6,13,2024-01-30,39031
comuna 1,35,2024-06-25,3410
comuna 8,83,2024-01-30,38791
comuna 6,80,2024-01-30,14926
comuna 10,12,2024-07-31,41340
comuna 2,96,2024-01-30,34005
comuna 11,77,2024-01-30,32433
comuna 8,42,2024-06-23,20395
comuna 14,34,2024-01-30,41087
comuna 13,35,2024-07-31,19845
comuna 15,98,2024-07-31,13279
comuna 10,42,2024-07-31,13155
comuna 1,58,2024-07-31,40388
comuna 1,76,2024-06-25,43167
comuna 3,94,2024-06-25,17485
comuna 2,18,2024-06-23,14813
comuna 6,92,2024-01-30,19396
comuna 12,17,2024-07-31,43174
comuna 3,87,2024-06-25,34638
comuna 4,85,2024-01-30,28694
comuna 6,16,2024-06-25,42140
comuna 1,58,2024-06-25,5506
comuna 9,30,2024-07-31,16141
comuna 14,77,2024-06-25,47210
comuna 7,81,2024-07-31,2101
comuna 2,82,2024-06-23,27676
comuna 10,76,2024-07-31,37488
comuna 9,69,2024-01-30,15888
comuna 5,11,2024-01-30,23667
comuna 3,15,2024-01-30,44179
comuna 14,30,2024-06-23,33328
comuna 2,78,2024-07-31,14384
comuna 7,25,2024-01-30,10857
comuna 15,93,2024-06-23,8202
comuna 3,28,2024-06-25,43803
comuna 8,48,2024-06-25,42981
comuna 13,40,2024-06-25,29100
comuna 10,36,2024-01-30,28763
comuna 4,95,2024-06-25,36427
comuna 4,35,2024-07-31,24502
comuna 12,12,2024-06-23,26296
comuna 13,40,2024-01-30,49613
comuna 4,41,2024-07-31,33249
comuna 1,12,2024-06-25,10400
comuna 8,76,2024-07-31,17503
comuna 13,57,2024-01-30,38325
comuna 13,51,2024-06-23,5125
comuna 14,49,2024-07-31,47598
comuna 3,24,2024-01-30,40530
comuna 1,95,2024-07-31,5421
comuna 8,81,2024-06-23,28606
comuna 3,63,2024-06-25,6956
comuna 12,60,2024-06-23,42072
comuna 8,63,2024-06-25,24299
comuna 5,28,2024-07-31,42796
comuna 1,68,2024-06-25,42672
comuna 11,47,2024-07-31,32164
comuna 14,69,2024-07-31,2550
comuna 4,46,2024-07-31,4953
comuna 4,31,2024-06-25,41354
comuna 5,94,2024-06-25,14019
comuna 15,68,2024-06-25,44330
comuna 13,15,2024-06-23,14313
comuna 10,11,2024-01-30,33316
comuna 6,10,2024-01-30,18145
comuna 9,40,2024-06-23,1858
comuna 15,43,2024-07-31,10203
comuna 13,85,2024-07-31,40091
comuna 3,45,2024-01-30,23721
comuna 7,45,2024-06-25,45048
comuna 7,90,2024-01-30,21256
comuna 6,67,2024-07-31,239
comuna 9,56,2024-07-31,6832
comuna 13,10,2024-06-23,20415
comuna 14,74,2024-06-25,11903
comuna 7,90,2024-07-31,48797
comuna 10,48,2024-06-23,15051
comuna 1,33,2024-06-25,31877
comuna 13,57,2024-07-31,34729
comuna 10,58,2024-06-23,22698
comuna 15,44,2024-06-25,28379
comuna 14,95,2024-07-31,36988
comuna 9,87,2024-01-30,48911
comuna 9,53,2024-01-30,36537
comuna 12,15,2024-01-30,47640
comuna 12,28,2024-01-30,26849
comuna 12,91,2024-06-25,12010
comuna 8,27,2024-01-30,23226
comuna 9,18,2024-01-30,33648
comuna 15,44,2024-07-31,19278
comuna 10,61,2024-07-31,22716
comuna 15,65,2024-01-30,17746
comuna 9,53,2024-01-30,20521
comuna 5,34,2024-06-25,4882
comuna 11,33,2024-06-25,33909
comuna 11,32,2024-06-23,12803
comuna 5,76,2024-01-30,29769
comuna 4,31,2024-06-23,9909
comuna 4,25,2024-06-23,29320
comuna 12,29,2024-06-25,33361
comuna 16,67,2024-06-25,10603
comuna 6,16,2024-06-23,31400
comuna 10,88,2024-01-30,11346
comuna 11,84,2024-01-30,7689
comuna 2,90,2024-01-30,5534
comuna 13,48,2024-06-25,24469
comuna 3,90,2024-01-30,41152
comuna 14,22,2024-01-30,14979
comuna 9,70,2024-06-25,41010
comuna 8,32,2024-07-31,22283
comuna 7,26,2024-06-23,39937
comuna 16,74,2024-06-23,19597
comuna 9,77,2024-06-25,3401
comuna 15,84,2024-01-30,19607
comuna 10,28,2024-06-23,28676
comuna 12,87,2024-06-23,19898
comuna 13,50,2024-06-23,26588
comuna 10,80,2024-06-23,33300
comuna 13,42,2024-01-30,48440
comuna 9,46,2024-06-23,20050
comuna 9,49,2024-01-30,19587
comuna 14,47,2024-07-31,44844
comuna 13,60,2024-07-31,15705
comuna 13,46,2024-06-23,43793
comuna 9,59,2024-01-30,28634
comuna 9,49,2024-01-30,18416
comuna 3,88,2024-06-23,27240
comuna 8,14,2024-06-23,5412
comuna 11,71,2024-06-23,31784
comuna 1,25,2024-06-23,31774
comuna 12,56,2024-06-23,2631
comuna 1,13,2024-01-30,39241
comuna 2,88,2024-01-30,17468
comuna 7,29,2024-06-23,39965
comuna 4,52,2024-01-30,9749
comuna 13,34,2024-06-23,29444
comuna 12,72,2024-06-25,47811
comuna 7,43,2024-01-30,27742
comuna 11,24,2024-06-23,31607
comuna 6,84,2024-01-30,11411
comuna 2,56,2024-07-31,11588
comuna 15,89,2024-07-31,39296
comuna 16,92,2024-01-30,616
comuna 4,50,2024-01-30,14535
comuna 15,14,2024-06-25,6530
comuna 3,55,2024-07-31,288
comuna 12,31,2024-01-30,21926
comuna 8,38,2024-07-31,8466
comuna 1,10,2024-01-30,39889
comuna 16,93,2024-06-25,34130
comuna 4,13,2024-01-30,17806
comuna 1,20,2024-07-31,46960
comuna 16,17,2024-07-31,46102
comuna 7,82,2024-06-25,16136
comuna 12,53,2024-01-30,43961
comuna 1,90,2024-06-25,43662
comuna 6,71,2024-01-30,5226
comuna 6,98,2024-07-31,5386
comuna 7,43,2024-06-25,8537
comuna 7,99,2024-06-25,39710
comuna 4,66,2024-06-23,24978
comuna 6,26,2024-01-30,13583
comuna 8,25,2024-07-31,42641
comuna 14,57,2024-07-31,35156
comuna 4,58,2024-06-23,10151
comuna 3,44,2024-06-25,4814
comuna 2,81,2024-07-31,37380
comuna 11,19,2024-06-23,42737
comuna 2,45,2024-06-23,34919
comuna 5,54,2024-06-25,9177
comuna 10,97,2024-06-23,38654
comuna 11,70,2024-06-23,2008
comuna 11,21,2024-07-31,6124
comuna 14,30,2024-06-25,27027
comuna 6,35,2024-01-30,48775
comuna 16,34,2024-06-23,32792
comuna 8,29,2024-07-31,44743
comuna 10,30,2024-06-23,15113
comuna 4,21,2024-07-31,47610
comuna 3,25,2024-06-23,34168
comuna 4,64,2024-01-30,12316
comuna 5,29,2024-07-31,13630
comuna 13,78,2024-06-25,13781
comuna 15,14,2024-06-23,5252
comuna 12,44,2024-06-23,29945
comuna 9,33,2024-06-23,38860
comuna 7,28,2024-06-23,28273
comuna 9,37,2024-06-23,15431
comuna 8,36,2024-07-31,30639
comuna 11,87,2024-07-31,630
comuna 3,43,2024-07-31,34279
comuna 10,75,2024-07-31,36875
comuna 15,48,2024-06-23,23764
comuna 9,41,2024-01-30,45052
comuna 8,37,2024-07-31,7666
comuna 8,88,2024-07-31,12034
comuna 8,63,2024-06-25,26436
comuna 4,93,2024-06-25,19902
comuna 10,89,2024-06-25,30128
comuna 11,52,2024-07-31,27086
comuna 6,22,2024-07-31,37182
comuna 11,10,2024-01-30,45694
comuna 3,37,2024-06-23,26046
comuna 16,87,2024-01-30,48709
comuna 12,39,2024-01-30,19151
comuna 1,90,2024-07-31,41435
comuna 6,48,2024-06-25,49270
comuna 11,89,2024-06-23,45801
comuna 13,99,2024-06-23,29678
comuna 5,39,2024-06-25,45664
comuna 4,12,2024-07-31,7608
comuna 16,69,2024-06-23,8826
comuna 13,48,2024-06-23,27713
comuna 16,35,2024-07-31,9623
comuna 3,82,2024-01-30,36364
comuna 7,69,2024-01-30,34382
comuna 10,97,2024-07-31,32261
comuna 8,71,2024-07-31,21807
comuna 6,92,2024-07-31,23083
comuna 2,17,2024-06-23,23800
comuna 8,96,2024-06-25,9514
comuna 3,86,2024-06-25,40329
comuna 9,37,2024-01-30,22221
comuna 1,38,2024-07-31,18882
comuna 14,34,2024-06-25,12456
comuna 12,51,2024-06-25,1599
comuna 10,93,2024-07-31,42627
comuna 4,25,2024-06-23,32791
comuna 10,27,2024-07-31,5929
comuna 5,27,2024-06-25,27648
comuna 3,83,2024-06-25,27210
comuna 6,27,2024-07-31,39292
comuna 5,71,2024-06-25,30556
comuna 1,87,2024-01-30,22827
comuna 7,14,2024-07-31,30072
comuna 3,59,2024-06-25,6917
comuna 3,28,2024-06-23,17802
comuna 11,60,2024-01-30,10236
comuna 7,76,2024-01-30,10892
comuna 13,25,2024-07-31,8438
comuna 11,76,2024-06-23,41680
comuna 12,20,2024-06-23,46591
comuna 4,34,2024-06-25,6871
comuna 1,66,2024-07-31,36138
comuna 2,13,2024-06-23,5371
comuna 5,97,2024-01-30,22221
comuna 15,39,2024-07-31,34324
comuna 14,49,2024-01-30,10340
comuna 6,92,2024-06-23,11614
comuna 12,56,2024-06-25,39542
comuna 12,74,2024-06-25,45162
comuna 6,92,2024-01-30,38985
comuna 7,33,2024-06-25,32597
comuna 14,85,2024-06-25,14630
comuna 4,63,2024-01-30,33525
comuna 14,97,2024-06-23,12142
comuna 14,74,2024-06-25,11018
comuna 10,44,2024-07-31,3427
comuna 8,30,2024-01-30,25609
comuna 15,76,2024-06-25,29286
comuna 2,38,2024-07-31,44634
comuna 7,43,2024-07-31,9119
comuna 7,19,2024-06-23,2545
comuna 2,80,2024-07-31,9625
comuna 7,13,2024-01-30,40300
comuna 5,84,2024-01-30,42502
comuna 5,80,2024-06-23,49783
comuna 12,16,2024-06-23,33658
comuna 16,93,2024-06-25,48375
comuna 6,18,2024-01-30,43438
comuna 14,79,2024-01-30,33870
comuna 7,12,2024-01-30,31628
comuna 6,31,2024-06-23,35518
comuna 14,61,2024-06-23,3921
comuna 11,29,2024-06-23,22535
comuna 1,63,2024-06-25,18657
comuna 6,69,2024-06-25,38391
comuna 1,43,2024-06-25,38362
comuna 1,50,2024-06-23,32175
comuna 5,81,2024-07-31,6592
comuna 15,20,2024-06-23,18158
comuna 12,36,2024-07-31,32020
comuna 2,100,2024-06-23,19640
comuna 12,19,2024-06-23,46825
comuna 13,63,2024-07-31,41685
comuna 11,14,2024-01-30,20602
comuna 3,28,2024-06-23,3885
comuna 8,22,2024-07-31,23596
comuna 15,68,2024-06-25,25153
comuna 3,58,2024-07-31,39836
comuna 15,30,2024-06-23,36614
comuna 6,48,2024-06-25,37071
comuna 10,59,2024-07-31,35135
comuna 1,64,2024-06-23,31460
comuna 14,43,2024-06-25,20394
comuna 3,56,2024-07-31,30431
comuna 15,89,2024-01-30,13057
comuna 7,87,2024-06-23,41514
comuna 11,75,2024-06-23,19890
comuna 13,84,2024-06-25,31056
comuna 4,76,2024-06-23,9433
comuna 15,31,2024-01-30,22217
comuna 6,41,2024-01-30,44286
comuna 3,91,2024-07-31,17516
comuna 3,61,2024-06-23,1404
comuna 6,22,2024-06-23,19629
comuna 6,81,2024-06-25,16687
comuna 10,33,2024-06-25,18487
comuna 10,75,2024-07-31,6644
comuna 1,81,2024-07-31,30544
comuna 15,38,2024-06-23,22055
comuna 8,12,2024-01-30,1116
comuna 7,17,2024-06-25,298
comuna 10,75,2024-01-30,17799
comuna 16,91,2024-06-23,6992
comuna 4,51,2024-01-30,12557
comuna 1,69,2024-06-25,31783
comuna 2,21,2024-06-23,6802
comuna 2,78,2024-07-31,12797
comuna 14,90,2024-06-25,36583
comuna 10,23,2024-06-25,15751
comuna 14,55,2024-06-23,7647
comuna 13,41,2024-01-30,31052
comuna 2,69,2024-07-31,30292
comuna 1,77,2024-06-25,4989
comuna 9,56,2024-06-25,328
comuna 14,93,2024-06-25,28359
comuna 15,54,2024-07-31,6653
comuna 5,64,2024-01-30,33283
comuna 3,53,2024-01-30,40259
comuna 11,73,2024-06-23,34404
comuna 12,57,2024-06-25,40185
comuna 2,47,2024-06-25,28298
comuna 8,60,2024-07-31,16067
comuna 1,19,2024-06-25,32263
comuna 4,88,2024-01-30,45158
comuna 1,34,2024-06-25,14449
comuna 16,82,2024-01-30,32745
comuna 7,72,2024-06-23,24257
comuna 14,24,2024-07-31,14133
comuna 12,77,2024-07-31,18627
comuna 12,87,2024-06-23,10859
comuna 8,20,2024-06-25,17316
comuna 11,34,2024-06-23,42925
comuna 16,72,2024-07-31,10434
comuna 3,57,2024-06-25,30856
comuna 16,94,2024-07-31,987
comuna 14,42,2024-01-30,8024
comuna 2,86,2024-06-25,9584
comuna 16,46,2024-06-25,38930
comuna 12,58,2024-06-23,4309
comuna 7,89,2024-06-23,33750
comuna 14,67,2024-06-23,13749
comuna 6,38,2024-06-23,17473
comuna 11,60,2024-06-25,34992
comuna 16,53,2024-07-31,5419
comuna 10,11,2024-01-30,37718
comuna 12,26,2024-06-23,49317
comuna 6,53,2024-06-25,37632
comuna 5,88,2024-01-30,46592
comuna 2,39,2024-06-25,44779
comuna 11,91,2024-01-30,48674
comuna 6,65,2024-01-30,28508
comuna 4,15,2024-06-25,44579
comuna 1,77,2024-07-31,32586
comuna 12,11,2024-06-23,32329
comuna 12,58,2024-07-31,35334
comuna 6,58,2024-07-31,38796
comuna 9,99,2024-01-30,43538
comuna 1,97,2024-06-23,33934
comuna 5,88,2024-06-23,44149
comuna 10,80,2024-06-25,4207
comuna 3,87,2024-06-23,17015
comuna 14,40,2024-06-23,49722
comuna 4,90,2024-01-30,36063
comuna 1,74,2024-01-30,32855
comuna 16,52,2024-06-23,35217
comuna 2,60,2024-06-23,7995
comuna 16,45,2024-01-30,14975
comuna 6,32,2024-07-31,49721
comuna 4,76,2024-06-25,9050
comuna 7,42,2024-01-30,44626
comuna 15,30,2024-07-31,33237
comuna 6,64,2024-01-30,17717
comuna 10,60,2024-01-30,11253
comuna 11,80,2024-01-30,24796
comuna 7,55,2024-01-30,3599
comuna 15,42,2024-07-31,20291
comuna 2,55,2024-01-30,16844
comuna 9,19,2024-01-30,47576
comuna 4,46,2024-06-23,22263
comuna 3,31,2024-06-23,30312
comuna 2,42,2024-06-23,34267
comuna 14,76,2024-07-31,10490
comuna 2,54,2024-01-30,22481
comuna 4,96,2024-06-25,6324
comuna 4,66,2024-07-31,49677
comuna 9,27,2024-06-23,27114
comuna 7,48,2024-07-31,14346
comuna 1,49,2024-06-23,6609
comuna 13,39,2024-06-25,5231
comuna 14,91,2024-06-23,33769
comuna 3,16,2024-01-30,32275
comuna 5,73,2024-01-30,49948
comuna 16,31,2024-06-25,23572
comuna 10,13,2024-07-31,27788
comuna 12,80,2024-07-31,9444
comuna 10,67,2024-07-31,41433
comuna 9,97,2024-06-25,25143
comuna 8,74,2024-07-31,28257
comuna 6,32,2024-06-25,15822
comuna 2,53,2024-06-23,12767
comuna 10,25,2024-01-30,28346
comuna 6,99,2024-06-23,45754
comuna 10,87,2024-01-30,17383
comuna 10,24,2024-06-23,26178
comuna 3,14,2024-01-30,37261
comuna 6,58,2024-01-30,30444
comuna 5,95,2024-01-30,3500
comuna 4,55,2024-06-23,37733
comuna 7,93,2024-01-30,38212
comuna 12,96,2024-06-25,15684
comuna 2,76,2024-06-25,37079
comuna 14,98,2024-06-23,23038
comuna 10,42,2024-07-31,6117
comuna 4,30,2024-06-25,40154
comuna 11,88,2024-06-23,40626
comuna 12,65,2024-06-25,43868
comuna 16,19,2024-07-31,6026
comuna 1,82,2024-06-23,30158
comuna 1,37,2024-06-23,20547
comuna 8,48,2024-07-31,17162
comuna 7,26,2024-01-30,3119
comuna 1,81,2024-06-23,2340
comuna 3,38,2024-01-30,49468
comuna 11,10,2024-06-23,36151
comuna 7,83,2024-06-25,1377
comuna 11,25,2024-06-23,28981
comuna 14,95,2024-07-31,10229
comuna 16,67,2024-06-23,15898
comuna 11,98,2024-06-25,46705
comuna 8,48,2024-01-30,40789
comuna 3,54,2024-06-25,38544
comuna 1,83,2024-01-30,35905
comuna 3,39,2024-06-23,19822
comuna 9,12,2024-01-30,19673
comuna 10,11,2024-07-31,34568
comuna 15,80,2024-06-25,9316
comuna 2,45,2024-06-23,19126
comuna 15,19,2024-06-23,26718
comuna 2,33,2024-06-25,785
comuna 5,35,2024-07-31,25662
comuna 11,20,2024-01-30,39498
comuna 13,76,2024-01-30,31361
comuna 15,40,2024-06-23,20601
comuna 4,98,2024-01-30,13971
comuna 15,66,2024-06-23,46693
comuna 4,66,2024-01-30,29411
comuna 5,33,2024-06-25,3596
comuna 14,66,2024-01-30,14796
comuna 2,60,2024-07-31,44635
comuna 1,44,2024-07-31,23353
comuna 9,35,2024-06-25,43534
comuna 11,13,2024-06-25,25745
comuna 12,96,2024-06-25,20959
comuna 5,36,2024-07-31,43856
comuna 9,73,2024-01-30,3004
comuna 4,39,2024-06-25,48419
comuna 1,23,2024-07-31,30030
comuna 5,33,2024-06-23,10045
comuna 4,55,2024-07-31,39070
comuna 9,77,2024-07-31,44454
comuna 14,29,2024-07-31,740
comuna 4,52,2024-01-30,16594
comuna 14,42,2024-01-30,38299
comuna 14,56,2024-06-25,49670
comuna 8,75,2024-01-30,13014
comuna 9,43,2024-01-30,35906
comuna 4,55,2024-07-31,27526
comuna 10,23,2024-01-30,47787
comuna 3,62,2024-07-31,36870
comuna 8,93,2024-06-23,4030
comuna 11,76,2024-06-23,15899
comuna 6,64,2024-07-31,11347
comuna 8,11,2024-06-23,46282
comuna 2,44,2024-01-30,25022
comuna 1,83,2024-06-25,7907
comuna 10,64,2024-06-23,5322
comuna 2,93,2024-01-30,43880
comuna 8,62,2024-07-31,20476
comuna 6,74,2024-06-23,5403
comuna 9,19,2024-06-25,19943
comuna 11,100,2024-06-25,14038
comuna 6,73,2024-07-31,12931
comuna 5,41,2024-01-30,41569
comuna 7,22,2024-06-25,46192
comuna 4,28,2024-06-25,39579
comuna 2,12,2024-06-25,23680
comuna 6,82,2024-01-30,2708
comuna 11,15,2024-01-30,48305
comuna 2,66,2024-07-31,38971
comuna 5,56,2024-01-30,2806
comuna 12,39,2024-01-30,39075
comuna 16,33,2024-06-23,1347
comuna 2,15,2024-01-30,42403
comuna 11,91,2024-06-23,3285
comuna 9,79,2024-06-25,46479
comuna 14,58,2024-07-31,33426
comuna 1,28,2024-01-30,22943
comuna 3,54,2024-01-30,30406
comuna 11,36,2024-07-31,40977
comuna 6,12,2024-07-31,27778
comuna 13,25,2024-06-23,25656
comuna 13,23,2024-06-25,12873
comuna 13,47,2024-06-25,7007
comuna 9,80,2024-01-30,39400
comuna 5,47,2024-07-31,15773
comuna 2,59,2024-06-25,34327
comuna 3,65,2024-06-25,30928
comuna 7,78,2024-01-30,43771
comuna 9,21,2024-06-23,13979
comuna 5,76,2024-07-31,47474
comuna 12,67,2024-07-31,49407
comuna 13,79,2024-06-25,27382
comuna 6,62,2024-06-25,30844
comuna 2,42,2024-07-31,20524
comuna 6,13,2024-06-25,24490
comuna 3,75,2024-01-30,36414
comuna 7,89,2024-06-25,11663
comuna 9,12,2024-06-25,40081
comuna 1,32,2024-06-25,1363
comuna 13,23,2024-06-25,9852
comuna 12,59,2024-06-23,13925
comuna 6,57,2024-07-31,10386
comuna 10,65,2024-06-25,27502
comuna 9,78,2024-06-25,15721
comuna 4,29,2024-07-31,15027
comuna 5,15,2024-01-30,35389
comuna 5,13,2024-06-23,14770
comuna 12,60,2024-06-23,13466
comuna 16,25,2024-06-23,6280
comuna 10,83,2024-06-23,26425
comuna 3,84,2024-06-25,33142
comuna 10,100,2024-07-31,32284
comuna 11,81,2024-01-30,35226
comuna 1,97,2024-07-31,10696
comuna 1,69,2024-07-31,9493
comuna 4,26,2024-06-23,2536
comuna 2,67,2024-06-23,16658
comuna 4,98,2024-06-25,7205
comuna 4,80,2024-01-30,16145
comuna 14,41,2024-06-23,17149
comuna 9,74,2024-01-30,44451
comuna 9,75,2024-07-31,4489
comuna 3,98,2024-07-31,41306
comuna 9,67,2024-07-31,32448
comuna 6,82,2024-06-23,5511
comuna 11,22,2024-06-25,10707
comuna 11,41,2024-06-23,20714
comuna 14,69,2024-07-31,25059
comuna 6,77,2024-01-30,5174
comuna 4,45,2024-06-25,24218
comuna 3,29,2024-06-23,27531
comuna 3,69,2024-01-30,34792
comuna 7,42,2024-06-23,9882
comuna 3,99,2024-06-23,40522
comuna 1,16,2024-07-31,49019
comuna 2,90,2024-06-23,25542
comuna 12,30,2024-06-25,7152
comuna 15,50,2024-06-23,16832
comuna 16,53,2024-06-25,22368
comuna 3,84,2024-06-25,4369
comuna 15,98,2024-06-23,48222
comuna 14,19,2024-06-25,39885
comuna 7,86,2024-07-31,6837
comuna 9,46,2024-01-30,15921
comuna 11,31,2024-01-30,25980
comuna 5,48,2024-06-25,19229
comuna 6,97,2024-06-25,29376
comuna 6,90,2024-07-31,12685
comuna 11,65,2024-07-31,34968
comuna 10,65,2024-06-25,23077
comuna 14,67,2024-07-31,16533
comuna 14,24,2024-06-25,14160
comuna 9,85,2024-06-23,34246
comuna 8,42,2024-07-31,41468
comuna 13,28,2024-01-30,21588
comuna 10,51,2024-07-31,22851
comuna 13,14,2024-06-25,5386
comuna 11,63,2024-07-31,45745
comuna 10,10,2024-07-31,1400
comuna 2,63,2024-06-23,8594
comuna 1,54,2024-06-23,25267
comuna 2,28,2024-01-30,23340
comuna 3,78,2024-07-31,21301
comuna 15,27,2024-06-23,6485
comuna 11,78,2024-01-30,44297
comuna 15,81,2024-06-25,36170
comuna 7,21,2024-06-23,17018
comuna 16,52,2024-06-25,45166
comuna 7,61,2024-06-25,8163
comuna 4,81,2024-06-25,33940
comuna 14,46,2024-06-23,8348
comuna 5,15,2024-06-23,2120
comuna 9,70,2024-06-23,37810
comuna 13,79,2024-01-30,46419
comuna 9,78,2024-07-31,32939
comuna 3,75,2024-01-30,1970
comuna 4,58,2024-06-23,10365
comuna 6,14,2024-07-31,2762
comuna 7,62,2024-01-30,30402
comuna 1,24,2024-07-31,11984
comuna 16,87,2024-01-30,35354
comuna 7,51,2024-06-25,47005
comuna 2,68,2024-06-23,6816
comuna 4,36,2024-06-23,48022
comuna 5,35,2024-06-25,18578
comuna 1,100,2024-07-31,13408
comuna 14,48,2024-01-30,8423
comuna 13,96,2024-07-31,34239
comuna 13,13,2024-01-30,37591
comuna 10,15,2024-06-23,30223
comuna 16,19,2024-07-31,48830
comuna 14,13,2024-06-23,13439
comuna 11,45,2024-07-31,6652
comuna 4,57,2024-07-31,37118
comuna 5,59,2024-06-23,10018
comuna 5,44,2024-06-23,37186
comuna 6,13,2024-01-30,46211
comuna 6,28,2024-07-31,31991
comuna 13,15,2024-01-30,29641
comuna 1,48,2024-01-30,29734
comuna 14,13,2024-06-23,8432
comuna 5,62,2024-07-31,26536
comuna 3,75,2024-06-23,26875
comuna 3,56,2024-06-25,38124
comuna 5,23,2024-06-23,10001
comuna 11,37,2024-06-23,31025
comuna 13,65,2024-07-31,40209
comuna 6,84,2024-01-30,28575
comuna 7,69,2024-06-25,23921
comuna 13,69,2024-01-30,22473
comuna 14,26,2024-07-31,18729
comuna 1,67,2024-07-31,23646
comuna 3,98,2024-06-23,24318
comuna 16,60,2024-07-31,38817
comuna 6,82,2024-07-31,40585
comuna 9,75,2024-01-30,44898
comuna 11,65,2024-01-30,12411
comuna 1,26,2024-07-31,49684
comuna 13,43,2024-06-23,25161
comuna 2,77,2024-07-31,6124
comuna 8,63,2024-01-30,35298
comuna 4,57,2024-01-30,4695
comuna 1,78,2024-06-25,31380
comuna 16,82,2024-06-23,2343
comuna 4,22,2024-01-30,1536
comuna 2,57,2024-01-30,36348
comuna 5,89,2024-06-23,48410
comuna 12,43,2024-06-23,39149
comuna 9,58,2024-07-31,19288
comuna 5,46,2024-06-25,13258
comuna 16,14,2024-01-30,49085
comuna 12,40,2024-06-25,29750
comuna 5,61,2024-01-30,3673
comuna 11,84,2024-01-30,40938
comuna 14,25,2024-01-30,28554
comuna 1,24,2024-07-31,15969
comuna 12,40,2024-01-30,25467
comuna 12,97,2024-01-30,34810
comuna 11,27,2024-01-30,4237
comuna 5,93,2024-06-25,48751
comuna 1,48,2024-06-23,10267
comuna 16,78,2024-06-25,25358
comuna 4,47,2024-01-30,202
comuna 9,43,2024-06-23,22044
comuna 16,63,2024-06-25,20888
comuna 10,93,2024-06-23,32233
comuna 1,78,2024-01-30,33884
comuna 16,61,2024-06-25,23290
comuna 15,85,2024-01-30,49675
comuna 11,100,2024-06-25,37634
comuna 3,67,2024-06-25,39543
comuna 4,64,2024-01-30,23181
comuna 16,44,2024-06-23,4529
comuna 13,16,2024-07-31,17387
comuna 11,32,2024-06-23,6872
comuna 13,92,2024-06-25,33238
comuna 11,63,2024-06-25,47321
comuna 9,82,2024-01-30,36417
comuna 14,20,2024-06-25,47547
comuna 1,49,2024-07-31,33398
comuna 2,44,2024-01-30,34204
comuna 11,88,2024-01-30,47563
comuna 1,64,2024-06-25,42022
comuna 12,27,2024-01-30,42619
comuna 14,56,2024-06-23,3019
comuna 9,22,2024-01-30,14895
comuna 6,73,2024-01-30,9738
comuna 8,86,2024-06-25,26677
comuna 15,37,2024-01-30,26687
comuna 6,52,2024-07-31,29655
comuna 11,27,2024-01-30,45012
comuna 7,96,2024-07-31,14905
comuna 14,96,2024-06-25,18674
comuna 15,29,2024-01-30,19529
comuna 10,30,2024-06-25,45025
comuna 15,52,2024-01-30,44132
comuna 9,33,2024-01-30,2704
comuna 15,41,2024-01-30,37843
comuna 12,76,2024-06-25,14383
comuna 13,60,2024-01-30,13832
comuna 1,79,2024-07-31,33459
comuna 7,59,2024-06-23,13596
comuna 14,51,2024-06-25,24378
comuna 9,63,2024-01-30,28220
comuna 16,28,2024-06-25,31410
comuna 1,34,2024-01-30,40658
comuna 9,55,2024-06-25,18304
comuna 10,81,2024-07-31,34499
comuna 11,86,2024-01-30,48571
comuna 8,13,2024-06-23,45812
comuna 5,17,2024-07-31,22025
comuna 8,53,2024-07-31,1084
comuna 9,22,2024-06-23,49037
comuna 14,50,2024-06-23,14713
comuna 4,82,2024-07-31,11422
comuna 16,44,2024-06-25,42796
comuna 11,42,2024-01-30,26755
comuna 10,20,2024-01-30,18654
comuna 8,45,2024-01-30,38071
comuna 4,21,2024-07-31,22609
comuna 14,89,2024-06-23,23350
comuna 16,46,2024-06-23,6753
comuna 8,19,2024-07-31,3534
comuna 9,48,2024-06-25,33779
comuna 4,70,2024-01-30,11491
comuna 14,64,2024-06-23,33945
comuna 5,83,2024-01-30,40579
comuna 13,36,2024-07-31,15584
comuna 6,31,2024-06-25,34480
comuna 1,16,2024-01-30,45842
comuna 11,27,2024-06-25,26563
comuna 3,58,2024-01-30,15174
comuna 1,73,2024-06-23,15382
comuna 3,76,2024-01-30,4593
comuna 4,99,2024-06-23,5230
comuna 2,63,2024-06-23,33057
comuna 3,91,2024-06-23,297
comuna 5,44,2024-06-23,1567
comuna 10,52,2024-06-25,34870
comuna 8,41,2024-07-31,44500
comuna 6,17,2024-01-30,30635
comuna 4,23,2024-06-25,22367
comuna 8,11,2024-06-25,34596
comuna 8,89,2024-01-30,25522
comuna 6,48,2024-06-25,38924
comuna 7,30,2024-01-30,44112
comuna 11,83,2024-06-23,19009
comuna 12,89,2024-06-23,18724
comuna 5,21,2024-01-30,1369
comuna 10,67,2024-06-25,33314
comuna 11,43,2024-07-31,33659
comuna 10,76,2024-06-23,44395
comuna 11,44,2024-01-30,11752
comuna 4,90,2024-06-25,17978
comuna 3,22,2024-07-31,25019
comuna 9,81,2024-06-25,49363
comuna 15,33,2024-01-30,18003
comuna 7,100,2024-06-25,45265
comuna 6,47,2024-06-23,11495
comuna 12,32,2024-07-31,31601
comuna 2,21,2024-07-31,13916
comuna 9,56,2024-06-23,10384
comuna 14,56,2024-07-31,16216
comuna 14,100,2024-06-25,43271
comuna 16,95,2024-01-30,26122
comuna 10,20,2024-06-23,23875
comuna 5,83,2024-06-25,23519
comuna 10,52,2024-01-30,16837
comuna 10,99,2024-06-25,46061
comuna 9,62,2024-07-31,1495
comuna 4,31,2024-01-30,3200
comuna 9,20,2024-07-31,43521
comuna 8,49,2024-06-23,3724
comuna 15,88,2024-07-31,29360
comuna 10,57,2024-01-30,3568
comuna 7,18,2024-01-30,38189
comuna 1,34,2024-01-30,12110
comuna 3,10,2024-06-23,1726
comuna 5,17,2024-01-30,21908
comuna 16,60,2024-01-30,10864
comuna 7,29,2024-06-25,5267
comuna 13,49,2024-06-23,26454
comuna 1,34,2024-06-23,2444
comuna 8,61,2024-07-31,37469
comuna 5,38,2024-06-23,29234
comuna 3,70,2024-06-25,13694
comuna 15,41,2024-06-25,8621
comuna 6,23,2024-06-23,16753
comuna 11,53,2024-01-30,43908
comuna 14,21,2024-07-31,22126
comuna 8,88,2024-06-25,837
comuna 16,62,2024-07-31,45661
comuna 14,14,2024-07-31,48305
comuna 16,73,2024-01-30,4714
comuna 11,35,2024-06-23,47846
comuna 6,92,2024-06-23,36450
comuna 9,56,2024-06-23,13431
comuna 10,22,2024-01-30,48816
comuna 4,22,2024-07-31,37314
comuna 11,26,2024-06-25,11813
comuna 3,41,2024-01-30,46635
comuna 7,57,2024-06-23,30476
comuna 7,41,2024-06-23,38273
comuna 16,12,2024-06-23,41095
comuna 14,27,2024-01-30,40544
comuna 6,40,2024-07-31,2562
comuna 6,38,2024-06-25,15843
comuna 12,79,2024-06-23,42286
comuna 8,25,2024-06-23,41528
comuna 3,38,2024-06-25,4177
comuna 1,58,2024-06-23,22247
comuna 10,26,2024-01-30,32374
comuna 1,57,2024-01-30,815
comuna 5,80,2024-07-31,28290
comuna 16,68,2024-06-25,226
comuna 12,77,2024-06-25,23300
comuna 9,16,2024-07-31,8832
comuna 10,71,2024-01-30,34467
comuna 8,89,2024-07-31,27749
comuna 12,76,2024-07-31,37827
comuna 14,17,2024-07-31,11924
comuna 11,88,2024-01-30,2738
comuna 13,40,2024-06-25,15037
comuna 15,85,2024-01-30,7042
comuna 15,68,2024-07-31,13883
comuna 3,23,2024-07-31,4764
comuna 8,31,2024-01-30,36423
comuna 5,77,2024-06-25,20241
comuna 12,32,2024-01-30,48676
comuna 8,24,2024-07-31,44098
comuna 15,88,2024-01-30,49949
comuna 9,66,2024-01-30,48499
comuna 16,26,2024-01-30,12651
comuna 6,86,2024-01-30,11942
comuna 12,78,2024-01-30,19807
comuna 1,64,2024-06-25,2835
comuna 11,91,2024-01-30,47965
comuna 8,78,2024-06-25,3930
comuna 8,30,2024-06-23,33536
comuna 14,38,2024-07-31,25748
comuna 8,23,2024-07-31,16687
comuna 2,42,2024-07-31,45945
comuna 12,25,2024-06-25,1051
comuna 9,19,2024-06-23,47074
comuna 3,28,2024-06-25,18335
comuna 14,84,2024-01-30,28253
comuna 15,40,2024-07-31,13055
comuna 12,65,2024-07-31,36005
comuna 6,17,2024-07-31,23218
comuna 15,45,2024-07-31,24343
comuna 15,99,2024-07-31,39151
comuna 15,25,2024-06-23,9181
comuna 14,80,2024-06-25,44748
comuna 16,80,2024-01-30,41058
comuna 16,50,2024-06-25,42844
comuna 13,61,2024-06-25,22123
comuna 4,26,2024-06-25,18332
comuna 7,23,2024-01-30,40930
comuna 2,14,2024-07-31,31839
comuna 7,56,2024-07-31,18246
comuna 16,81,2024-07-31,22739
comuna 11,78,2024-06-23,19492
comuna 16,73,2024-06-25,49948
comuna 11,55,2024-06-23,35630
comuna 16,32,2024-06-25,15863
comuna 14,66,2024-01-30,14463
comuna 7,62,2024-06-23,39191
comuna 11,29,2024-01-30,14397
comuna 4,56,2024-06-23,30792
comuna 11,54,2024-07-31,31222
comuna 5,72,2024-07-31,2737
comuna 10,82,2024-01-30,31739
comuna 11,49,2024-06-23,21108
comuna 3,45,2024-06-25,26221
comuna 15,42,2024-01-30,22714
comuna 8,81,2024-06-23,10084
comuna 4,100,2024-01-30,9419
comuna 6,63,2024-01-30,44048
comuna 13,82,2024-07-31,25983
comuna 2,48,2024-06-23,30872
comuna 9,33,2024-06-23,19725
comuna 1,60,2024-01-30,1240
comuna 3,65,2024-07-31,38168
comuna 3,98,2024-06-23,5583
comuna 1,10,2024-01-30,3099
comuna 4,73,2024-01-30,13743
comuna 4,73,2024-01-30,33967
comuna 11,44,2024-01-30,8776
comuna 3,35,2024-07-31,46499
comuna 16,88,2024-06-25,3805
comuna 8,97,2024-07-31,43162
comuna 2,10,2024-01-30,6884
comuna 7,61,2024-06-25,4652
comuna 15,43,2024-06-25,41956
comuna 6,26,2024-01-30,37466
comuna 16,11,2024-01-30,41042
comuna 6,87,2024-06-23,18031
comuna 2,91,2024-06-25,21266
comuna 2,62,2024-07-31,10373
comuna 4,13,2024-06-23,44869
comuna 10,95,2024-07-31,21433
comuna 8,17,2024-07-31,5437
comuna 15,34,2024-06-25,38661
comuna 15,38,2024-06-25,19079
comuna 16,72,2024-01-30,17263
comuna 14,98,2024-01-30,34055
comuna 10,34,2024-06-25,11523
comuna 7,57,2024-06-25,22463
comuna 1,32,2024-01-30,26382
comuna 12,38,2024-06-23,22249
comuna 2,70,2024-06-23,11162
comuna 3,17,2024-01-30,33538
comuna 4,70,2024-07-31,10890
comuna 4,87,2024-07-31,30358
comuna 11,53,2024-06-25,13562
comuna 8,26,2024-06-25,11784
comuna 13,29,2024-07-31,40316
comuna 14,36,2024-06-25,35991
comuna 10,63,2024-06-23,8255
comuna 15,51,2024-06-25,22854
comuna 15,60,2024-07-31,27783
comuna 14,23,2024-06-25,21316
comuna 6,98,2024-07-31,45473
comuna 4,53,2024-01-30,43095
comuna 8,87,2024-01-30,17039
comuna 8,66,2024-07-31,31271
comuna 12,59,2024-01-30,40378
comuna 3,27,2024-06-25,39109
comuna 9,74,2024-07-31,37351
comuna 11,54,2024-07-31,48149
comuna 2,67,2024-06-25,26441
comuna 7,56,2024-06-23,44512
comuna 13,90,2024-06-23,9912
comuna 9,76,2024-01-30,14207
comuna 3,46,2024-06-23,7308
comuna 6,61,2024-06-25,38812
comuna 3,67,2024-01-30,16870
comuna 16,85,2024-01-30,1486
comuna 1,67,2024-01-30,39917
comuna 1,84,2024-07-31,24999
comuna 2,19,2024-06-23,3367
comuna 15,97,2024-06-23,41905
comuna 13,48,2024-06-25,7608
comuna 8,71,2024-06-25,20036
comuna 16,50,2024-06-25,5210
comuna 9,72,2024-07-31,22680
comuna 16,78,2024-06-23,17624
comuna 3,60,2024-07-31,46208
comuna 5,68,2024-07-31,15822
comuna 4,80,2024-07-31,43564
comuna 5,62,2024-07-31,20567
comuna 2,31,2024-01-30,22519
comuna 12,24,2024-06-23,5736
comuna 11,81,2024-07-31,8642
comuna 15,40,2024-07-31,31221
comuna 13,55,2024-06-23,46045
comuna 11,26,2024-06-25,13110
comuna 1,75,2024-07-31,36255
comuna 7,89,2024-06-23,31526
comuna 1,46,2024-01-30,29234
comuna 7,56,2024-07-31,11568
comuna 5,75,2024-07-31,37168
comuna 16,83,2024-06-23,25307
comuna 16,60,2024-01-30,38198
comuna 1,35,2024-07-31,2373
comuna 4,93,2024-01-30,47288
comuna 16,96,2024-07-31,35681
comuna 16,65,2024-06-25,20684
comuna 12,73,2024-01-30,15769
comuna 9,81,2024-07-31,39516
comuna 3,20,2024-06-25,26295
comuna 2,95,2024-01-30,44974
comuna 14,25,2024-01-30,47125
comuna 5,91,2024-01-30,42266
comuna 6,68,2024-06-25,16247
comuna 4,44,2024-06-23,43361
comuna 8,78,2024-01-30,16800
comuna 4,47,2024-01-30,44842
comuna 10,39,2024-06-23,31516
comuna 9,98,2024-01-30,7923
comuna 3,66,2024-06-23,15078
comuna 10,73,2024-07-31,2489
comuna 15,58,2024-06-23,38654
comuna 6,88,2024-06-23,14423
comuna 16,40,2024-01-30,28547
comuna 16,15,2024-06-25,37766
comuna 16,23,2024-07-31,23223
comuna 3,25,2024-06-25,5748
comuna 10,75,2024-06-23,43225
comuna 11,91,2024-06-23,35071
comuna 6,20,2024-06-25,37945
comuna 16,89,2024-01-30,40757
comuna 15,100,2024-06-25,42465
comuna 9,68,2024-06-25,23538
comuna 8,82,2024-06-25,5461
comuna 9,71,2024-06-25,20277
comuna 15,56,2024-06-23,21557
comuna 5,85,2024-01-30,32330
comuna 2,97,2024-07-31,48627
comuna 9,65,2024-06-23,23523
comuna 4,77,2024-07-31,34919
comuna 5,90,2024-06-23,29509
comuna 12,42,2024-07-31,4200
comuna 9,51,2024-06-25,45464
comuna 3,72,2024-01-30,11090
comuna 4,35,2024-07-31,48818
comuna 13,71,2024-06-25,37992
comuna 8,47,2024-07-31,16936
comuna 16,43,2024-01-30,48994
comuna 14,16,2024-06-25,10012
comuna 16,71,2024-01-30,48098
comuna 8,35,2024-01-30,12987
comuna 10,18,2024-06-25,25118
comuna 14,43,2024-06-25,25925
comuna 2,90,2024-06-25,10953
comuna 4,64,2024-06-25,34227
comuna 8,55,2024-06-25,23769
comuna 14,64,2024-06-23,35342
comuna 5,35,2024-06-23,45427
comuna 4,17,2024-06-23,18886
comuna 3,70,2024-06-23,34162
comuna 8,53,2024-06-23,10959
comuna 15,71,2024-06-25,4064
comuna 11,47,2024-06-25,35637
comuna 12,57,2024-06-23,3667
comuna 15,92,2024-06-25,34193
comuna 14,23,2024-01-30,19168
comuna 2,72,2024-07-31,12371
comuna 6,55,2024-01-30,36438
comuna 15,100,2024-07-31,33759
comuna 2,87,2024-06-23,5419
comuna 16,78,2024-06-23,39015
comuna 4,83,2024-06-23,17866
comuna 16,47,2024-01-30,48504
comuna 8,53,2024-06-23,13499
comuna 6,87,2024-01-30,20988
comuna 16,74,2024-07-31,42985
comuna 3,19,2024-01-30,28860
comuna 9,45,2024-07-31,20564
comuna 8,29,2024-07-31,10950
comuna 13,17,2024-06-23,25890
comuna 5,62,2024-01-30,9023
comuna 2,55,2024-01-30,20009
comuna 16,93,2024-06-25,9533
comuna 8,43,2024-07-31,26382
comuna 14,21,2024-01-30,10254
comuna 7,82,2024-01-30,13429
comuna 5,31,2024-06-23,38682
comuna 1,47,2024-06-25,31907
comuna 12,73,2024-06-23,49454
comuna 9,30,2024-06-23,32390
comuna 11,42,2024-06-25,7153
comuna 3,61,2024-06-23,44225
comuna 9,57,2024-01-30,21250
comuna 3,47,2024-01-30,23204
comuna 14,66,2024-06-23,15251
comuna 12,48,2024-06-25,39158
comuna 11,21,2024-07-31,9847
comuna 9,21,2024-06-25,21386
comuna 4,93,2024-06-23,11430
comuna 2,52,2024-07-31,25826
comuna 14,83,2024-01-30,38962
comuna 8,10,2024-06-23,41031
comuna 4,91,2024-06-23,20762
comuna 2,100,2024-07-31,36483
comuna 5,73,2024-07-31,4882
comuna 13,67,2024-06-23,26392
comuna 1,88,2024-06-25,6312
comuna 12,95,2024-07-31,8487
comuna 4,80,2024-07-31,5712
comuna 8,94,2024-06-25,17888
comuna 13,63,2024-06-23,38369
comuna 6,40,2024-07-31,21888
comuna 5,84,2024-01-30,49263
comuna 13,42,2024-07-31,18266
comuna 7,42,2024-07-31,23121
comuna 2,96,2024-07-31,37330
comuna 15,45,2024-06-25,34102
comuna 14,91,2024-06-23,35382
comuna 13,27,2024-06-23,1557
comuna 8,11,2024-01-30,17979
comuna 11,25,2024-06-23,24611
comuna 9,23,2024-01-30,1240
comuna 2,37,2024-06-23,18960
comuna 16,99,2024-07-31,25204
comuna 7,63,2024-06-25,37686
comuna 10,55,2024-06-23,45542
comuna 8,57,2024-06-23,2335
comuna 15,75,2024-06-25,8758
comuna 4,92,2024-06-25,21262
comuna 9,14,2024-06-23,393
comuna 2,61,2024-01-30,30728
comuna 12,10,2024-06-23,18201
comuna 13,91,2024-07-31,10141
comuna 8,70,2024-01-30,32556
comuna 15,64,2024-06-25,21200
comuna 15,55,2024-01-30,31502
comuna 6,84,2024-01-30,49544
comuna 7,44,2024-01-30,31817
comuna 14,91,2024-01-30,49837
comuna 10,75,2024-01-30,15560
comuna 15,19,2024-01-30,45906
comuna 5,74,2024-06-23,5226
comuna 6,54,2024-07-31,5134
comuna 13,52,2024-06-25,2410
comuna 9,56,2024-06-23,8808
comuna 12,20,2024-01-30,42027
comuna 7,40,2024-07-31,48207
comuna 6,100,2024-07-31,18583
comuna 1,19,2024-06-25,37389
comuna 9,98,2024-01-30,7758
comuna 8,61,2024-07-31,22761
comuna 13,22,2024-06-25,773
comuna 5,65,2024-06-23,46544
comuna 10,43,2024-01-30,31742
comuna 13,79,2024-01-30,20448
comuna 14,72,2024-06-25,144
comuna 14,24,2024-06-23,25759
comuna 10,14,2024-06-25,7221
comuna 10,28,2024-01-30,44446
comuna 1,68,2024-07-31,9288
comuna 15,82,2024-07-31,17114
comuna 16,12,2024-01-30,11279
comuna 9,21,2024-06-25,22706
comuna 6,99,2024-06-23,24277
comuna 7,78,2024-06-23,9960
comuna 14,13,2024-07-31,44125
comuna 5,98,2024-06-25,13863
comuna 11,86,2024-06-25,45414
comuna 12,70,2024-07-31,28419
comuna 3,64,2024-07-31,21222
comuna 1,17,2024-01-30,9505
comuna 14,34,2024-07-31,24123
comuna 1,32,2024-07-31,18287
comuna 11,87,2024-01-30,17460
comuna 8,96,2024-06-23,36030
comuna 8,39,2024-06-23,13393
comuna 14,76,2024-06-23,37680
comuna 14,21,2024-07-31,33169
comuna 2,10,2024-06-23,22759
comuna 5,52,2024-06-23,19039
comuna 6,43,2024-01-30,22609
comuna 4,61,2024-07-31,1102
comuna 5,74,2024-06-25,39313
comuna 9,54,2024-06-23,2004
comuna 8,62,2024-06-23,26073
comuna 12,63,2024-01-30,34256
comuna 2,100,2024-06-25,4283
comuna 10,83,2024-06-23,6618
comuna 12,15,2024-01-30,26767
comuna 6,32,2024-01-30,40097
comuna 8,91,2024-01-30,12618
comuna 3,97,2024-06-23,22128
comuna 10,32,2024-06-25,11740
comuna 2,78,2024-06-23,39098
comuna 14,36,2024-01-30,19082
comuna 8,50,2024-06-25,21508
comuna 7,67,2024-07-31,44477
comuna 7,87,2024-06-23,15571
comuna 12,41,2024-01-30,34523
comuna 13,16,2024-06-23,43370
comuna 7,70,2024-06-25,9923
comuna 3,41,2024-06-23,30200
comuna 13,88,2024-06-25,37656
comuna 10,90,2024-06-23,19991
comuna 8,62,2024-06-23,47999
comuna 16,44,2024-06-23,14663
comuna 8,11,2024-06-23,39125
comuna 13,59,2024-01-30,37537
comuna 6,75,2024-06-25,7273
comuna 9,37,2024-01-30,47821
comuna 5,72,2024-06-25,25803
comuna 13,25,2024-06-25,26107
comuna 16,22,2024-06-25,40791
comuna 1,65,2024-06-23,45223
comuna 14,40,2024-06-25,29994
comuna 4,16,2024-07-31,3509
comuna 1,80,2024-06-25,9089
comuna 8,70,2024-06-23,47183
comuna 11,72,2024-07-31,40231
comuna 5,45,2024-07-31,322
comuna 9,58,2024-06-25,26285
comuna 16,98,2024-07-31,2445
comuna 1,67,2024-06-23,22625
comuna 13,13,2024-01-30,34812
comuna 11,50,2024-06-23,44935
comuna 15,69,2024-06-25,9894
comuna 5,74,2024-01-30,42573
comuna 12,75,2024-06-23,41530
comuna 3,66,2024-07-31,30111
comuna 6,88,2024-06-25,18347
comuna 3,95,2024-01-30,36241
comuna 4,85,2024-06-23,33746
comuna 3,12,2024-07-31,1097
comuna 15,73,2024-06-25,42493
comuna 4,15,2024-06-23,13007
comuna 14,93,2024-06-23,3574
comuna 3,73,2024-06-25,18341
comuna 10,42,2024-06-25,29351
comuna 2,41,2024-06-25,27775
comuna 11,52,2024-01-30,41764
comuna 9,63,2024-07-31,18600
comuna 11,81,2024-06-23,36348
comuna 7,39,2024-06-25,28838
comuna 3,89,2024-01-30,37265
comuna 12,82,2024-06-25,2481
comuna 11,40,2024-06-25,38566
comuna 3,42,2024-07-31,34636
comuna 12,29,2024-06-25,40359
comuna 1,84,2024-07-31,2574
comuna 14,40,2024-07-31,25354
comuna 12,87,2024-06-25,10311
comuna 2,97,2024-06-23,49576
comuna 5,16,2024-06-23,26266
comuna 10,31,2024-06-23,23922
comuna 1,92,2024-07-31,9636
comuna 6,45,2024-07-31,3460
comuna 5,49,2024-07-31,23169
comuna 13,24,2024-06-25,47040
comuna 13,43,2024-07-31,21614
comuna 9,43,2024-06-23,185
comuna 2,68,2024-06-25,35681
comuna 5,95,2024-06-25,45990
comuna 5,54,2024-06-23,11722
comuna 15,77,2024-06-25,8643
comuna 12,35,2024-06-25,25448
comuna 12,20,2024-01-30,8554
comuna 1,90,2024-01-30,15059
comuna 11,97,2024-06-25,26560
comuna 15,35,2024-06-25,25838
comuna 1,18,2024-07-31,29421
comuna 13,33,2024-07-31,2854
comuna 7,17,2024-01-30,17586
comuna 14,53,2024-07-31,38790
comuna 1,92,2024-07-31,15742
comuna 9,72,2024-06-25,25037
comuna 9,24,2024-06-23,41158
comuna 7,28,2024-07-31,253
comuna 6,33,2024-07-31,39391
comuna 1,70,2024-06-23,32894
comuna 13,49,2024-06-25,17013
comuna 8,84,2024-07-31,18966
comuna 9,23,2024-06-25,36722
comuna 4,84,2024-01-30,17534
comuna 10,37,2024-06-25,16304
comuna 9,27,2024-01-30,49222
comuna 1,80,2024-01-30,34080
comuna 3,29,2024-06-25,42467
comuna 1,97,2024-06-23,3827
comuna 8,91,2024-07-31,40088
comuna 4,85,2024-07-31,43609
comuna 7,21,2024-01-30,20596
comuna 9,73,2024-01-30,15473
comuna 4,65,2024-01-30,41707
comuna 5,42,2024-06-25,40932
comuna 1,95,2024-07-31,9953
comuna 5,46,2024-06-25,4784
comuna 2,72,2024-06-23,5261
comuna 5,29,2024-06-23,33181
comuna 8,81,2024-07-31,4672
comuna 2,47,2024-01-30,38048
comuna 7,25,2024-01-30,28415
comuna 16,92,2024-01-30,16845
comuna 9,84,2024-07-31,34996
comuna 8,93,2024-01-30,20314
comuna 8,55,2024-01-30,12951
comuna 5,49,2024-06-25,33656
comuna 11,88,2024-01-30,26597
comuna 6,77,2024-06-23,39554
comuna 12,26,2024-06-25,21281
comuna 1,34,2024-06-25,48180
comuna 8,46,2024-07-31,32839
comuna 13,58,2024-06-23,22319
comuna 10,14,2024-01-30,5598
comuna 2,11,2024-01-30,42643
comuna 6,39,2024-07-31,9769
comuna 11,22,2024-01-30,12258
comuna 11,76,2024-07-31,26463
comuna 7,55,2024-06-25,8203
comuna 4,20,2024-06-25,19980
comuna 8,81,2024-07-31,7900
comuna 5,66,2024-01-30,25343
comuna 14,62,2024-01-30,2375
comuna 6,34,2024-06-23,10584
comuna 14,85,2024-06-25,7829
comuna 7,77,2024-06-25,9112
comuna 7,99,2024-06-23,28618
comuna 12,99,2024-06-23,5446
comuna 12,36,2024-07-31,21290
comuna 9,96,2024-07-31,18255
comuna 13,34,2024-07-31,2238
comuna 3,76,2024-01-30,42719
comuna 10,44,2024-06-23,14531
comuna 8,38,2024-06-25,21618
comuna 9,99,2024-01-30,12463
comuna 6,40,2024-07-31,35763
comuna 6,58,2024-06-25,26425
comuna 5,24,2024-01-30,38994
comuna 11,90,2024-06-23,15493
comuna 8,22,2024-06-23,20507
comuna 13,14,2024-07-31,47943
comuna 8,34,2024-06-25,15789
comuna 14,65,2024-06-23,38239
comuna 5,14,2024-06-23,1058
comuna 7,94,2024-07-31,35147
comuna 7,16,2024-07-31,37875
comuna 10,37,2024-07-31,17034
comuna 15,10,2024-06-25,19588
comuna 2,96,2024-06-25,35132
comuna 15,78,2024-06-25,17642
comuna 2,17,2024-06-23,34463
comuna 9,11,2024-01-30,11466
comuna 11,26,2024-06-25,2449
comuna 16,68,2024-06-25,49383
comuna 14,85,2024-01-30,110
comuna 4,50,2024-06-25,36281
comuna 13,61,2024-01-30,4700
comuna 11,52,2024-07-31,31493
comuna 14,77,2024-07-31,30311
comuna 1,80,2024-06-23,37220
comuna 14,85,2024-07-31,31723
comuna 11,99,2024-06-25,44454
comuna 8,49,2024-06-25,30533
comuna 16,97,2024-06-25,5699
comuna 4,98,2024-06-25,11012
comuna 13,18,2024-06-25,12250
comuna 12,55,2024-06-25,39948
comuna 7,80,2024-06-25,7746
comuna 13,64,2024-01-30,3476
comuna 9,39,2024-01-30,11057
comuna 3,49,2024-06-25,1731
comuna 1,57,2024-06-25,41938
comuna 1,90,2024-01-30,5555
comuna 14,44,2024-07-31,27029
comuna 10,45,2024-07-31,41510
comuna 9,31,2024-01-30,2283
comuna 5,31,2024-06-25,30719
comuna 1,10,2024-01-30,13851
comuna 6,20,2024-01-30,16246
comuna 12,56,2024-07-31,18748
comuna 9,89,2024-07-31,43817
comuna 15,58,2024-06-23,16571
comuna 6,20,2024-01-30,18078
comuna 5,27,2024-07-31,14384
comuna 3,31,2024-07-31,14322
comuna 8,73,2024-01-30,48199
comuna 14,76,2024-01-30,7584
comuna 6,74,2024-01-30,18351
comuna 6,49,2024-01-30,20830
comuna 3,15,2024-01-30,39687
comuna 14,90,2024-06-23,4443
comuna 16,40,2024-06-25,43550
comuna 4,60,2024-06-23,26074
comuna 15,75,2024-07-31,12343
comuna 6,92,2024-06-23,30994
comuna 5,60,2024-07-31,29913
comuna 10,85,2024-06-25,34588
comuna 4,80,2024-06-25,21059
comuna 10,94,2024-07-31,48721
comuna 13,12,2024-06-25,20826
comuna 8,46,2024-06-23,49342
comuna 15,87,2024-06-23,4458
comuna 1,63,2024-07-31,12952
comuna 5,12,2024-07-31,24460
comuna 10,75,2024-07-31,47623
comuna 15,48,2024-07-31,3298
comuna 15,80,2024-07-31,4542
comuna 2,35,2024-06-25,23909
comuna 1,47,2024-06-25,35448
comuna 16,12,2024-06-23,2399
comuna 14,48,2024-06-23,46073
comuna 3,57,2024-06-25,45847
comuna 11,43,2024-01-30,792
comuna 8,35,2024-07-31,27638
comuna 3,90,2024-07-31,1830
comuna 12,91,2024-07-31,37476
comuna 11,76,2024-06-25,3888
comuna 13,16,2024-06-25,31790
comuna 4,82,2024-07-31,3031
comuna 2,70,2024-06-23,2002
comuna 1,83,2024-01-30,44682
comuna 16,53,2024-07-31,38973
comuna 8,71,2024-06-23,23693
comuna 4,12,2024-07-31,45529
comuna 9,87,2024-06-25,38192
comuna 6,58,2024-06-23,20440
comuna 12,19,2024-01-30,42588
comuna 4,61,2024-01-30,41722
comuna 1,82,2024-07-31,40651
comuna 7,82,2024-06-23,15858
comuna 10,10,2024-01-30,19226
comuna 3,77,2024-06-25,12259
comuna 8,84,2024-01-30,13838
comuna 1,83,2024-06-25,17570
comuna 8,24,2024-06-23,23861
comuna 16,99,2024-06-25,26829
comuna 8,69,2024-06-25,39436
comuna 8,96,2024-01-30,12392
comuna 12,41,2024-07-31,3244
comuna 12,98,2024-07-31,15644
comuna 13,71,2024-01-30,18474
comuna 1,100,2024-01-30,18805
comuna 10,26,2024-06-23,40235
comuna 4,65,2024-01-30,30156
comuna 6,61,2024-07-31,37908
comuna 14,93,2024-06-23,27163
comuna 15,45,2024-01-30,26412
comuna 13,59,2024-01-30,44859
comuna 9,39,2024-06-25,43316
comuna 6,98,2024-06-25,5763
comuna 11,54,2024-06-25,49466
comuna 3,52,2024-07-31,193
comuna 1,37,2024-07-31,23090
comuna 7,97,2024-06-25,32937
comuna 13,24,2024-01-30,2069
comuna 3,85,2024-06-23,15401
comuna 13,42,2024-06-23,2271
comuna 2,22,2024-06-25,32537
comuna 8,12,2024-06-23,15212
comuna 3,70,2024-06-25,26362
comuna 5,25,2024-06-23,18622
comuna 1,46,2024-06-25,14130
comuna 5,26,2024-01-30,16869
comuna 7,79,2024-06-25,34433
comuna 11,62,2024-01-30,28880
comuna 6,86,2024-01-30,30642
comuna 16,93,2024-07-31,32501
comuna 16,46,2024-01-30,4270
comuna 11,73,2024-01-30,36873
comuna 16,42,2024-07-31,11297
comuna 2,10,2024-01-30,8828
comuna 11,22,2024-06-25,23152
comuna 6,78,2024-07-31,4648
comuna 11,70,2024-07-31,43438
comuna 14,64,2024-06-25,14187
comuna 13,94,2024-06-25,46102
comuna 13,30,2024-01-30,18817
comuna 10,83,2024-01-30,48554
comuna 8,92,2024-01-30,29493
comuna 16,98,2024-01-30,18606
comuna 14,95,2024-06-23,30193
comuna 16,78,2024-06-25,19821
comuna 16,34,2024-07-31,46969
comuna 5,30,2024-01-30,42536
comuna 2,53,2024-06-25,12537
comuna 15,12,2024-07-31,43814
comuna 10,73,2024-07-31,22181
comuna 2,19,2024-07-31,47979
comuna 12,85,2024-01-30,14554
comuna 2,76,2024-01-30,11302
comuna 16,54,2024-06-23,43883
comuna 8,16,2024-01-30,19844
comuna 11,24,2024-06-25,43132
comuna 14,21,2024-01-30,35849
comuna 10,94,2024-06-25,29833
comuna 12,67,2024-06-23,48709
comuna 4,61,2024-01-30,3718
comuna 13,94,2024-06-23,15938
comuna 6,88,2024-01-30,35978
comuna 16,61,2024-06-25,28614
comuna 3,97,2024-06-23,38478
comuna 6,54,2024-01-30,13410
comuna 8,90,2024-07-31,22824
comuna 3,70,2024-01-30,22188
comuna 10,94,2024-01-30,21481
comuna 8,49,2024-06-23,31061
comuna 4,32,2024-07-31,47743
comuna 13,91,2024-07-31,21697
comuna 15,52,2024-07-31,6615
comuna 4,42,2024-06-23,14497
comuna 2,23,2024-01-30,47418
comuna 15,13,2024-07-31,22636
comuna 6,22,2024-07-31,15017
comuna 11,45,2024-07-31,39639
